-- phpMyAdmin SQL Dump
-- version 4.9.0.1
-- https://www.phpmyadmin.net/
--
-- Хост: 127.0.0.1:3306
-- Время создания: Сен 20 2021 г., 21:14
-- Версия сервера: 10.3.13-MariaDB-log
-- Версия PHP: 7.3.9

SET SQL_MODE = "NO_AUTO_VALUE_ON_ZERO";
SET AUTOCOMMIT = 0;
START TRANSACTION;
SET time_zone = "+00:00";


/*!40101 SET @OLD_CHARACTER_SET_CLIENT=@@CHARACTER_SET_CLIENT */;
/*!40101 SET @OLD_CHARACTER_SET_RESULTS=@@CHARACTER_SET_RESULTS */;
/*!40101 SET @OLD_COLLATION_CONNECTION=@@COLLATION_CONNECTION */;
/*!40101 SET NAMES utf8mb4 */;

--
-- База данных: `kolesakazani`
--

-- --------------------------------------------------------

--
-- Структура таблицы `adex_color`
--

CREATE TABLE `adex_color` (
  `id` int(10) UNSIGNED NOT NULL,
  `advert_id` int(10) UNSIGNED NOT NULL,
  `startDate` date NOT NULL,
  `finishDate` date NOT NULL
) ENGINE=InnoDB DEFAULT CHARSET=utf8mb4 COLLATE=utf8mb4_unicode_ci;

-- --------------------------------------------------------

--
-- Структура таблицы `adex_srochno`
--

CREATE TABLE `adex_srochno` (
  `id` int(10) UNSIGNED NOT NULL,
  `advert_id` int(10) UNSIGNED NOT NULL,
  `startDate` date NOT NULL,
  `finishDate` date NOT NULL
) ENGINE=InnoDB DEFAULT CHARSET=utf8mb4 COLLATE=utf8mb4_unicode_ci;

-- --------------------------------------------------------

--
-- Структура таблицы `adex_top`
--

CREATE TABLE `adex_top` (
  `id` int(10) UNSIGNED NOT NULL,
  `advert_id` int(10) UNSIGNED NOT NULL,
  `startDate` date NOT NULL,
  `finishDate` date NOT NULL
) ENGINE=InnoDB DEFAULT CHARSET=utf8mb4 COLLATE=utf8mb4_unicode_ci;

-- --------------------------------------------------------

--
-- Структура таблицы `admins`
--

CREATE TABLE `admins` (
  `id` int(2) UNSIGNED NOT NULL,
  `email` varchar(20) CHARACTER SET utf8 NOT NULL
) ENGINE=InnoDB DEFAULT CHARSET=utf8mb4 COLLATE=utf8mb4_unicode_ci;

-- --------------------------------------------------------

--
-- Структура таблицы `adverts`
--

CREATE TABLE `adverts` (
  `id` int(10) UNSIGNED NOT NULL,
  `title` varchar(100) NOT NULL,
  `category_id` int(2) UNSIGNED NOT NULL,
  `optype` int(1) UNSIGNED DEFAULT NULL,
  `subcategory_id` int(2) UNSIGNED DEFAULT NULL,
  `inner_id` int(10) UNSIGNED DEFAULT NULL,
  `text` varchar(8000) DEFAULT NULL,
  `phone` varchar(14) DEFAULT 'NULL',
  `price` int(7) UNSIGNED DEFAULT NULL,
  `coord_lat` float NOT NULL,
  `coord_lon` float NOT NULL,
  `region_id` int(2) UNSIGNED NOT NULL,
  `city_id` int(3) UNSIGNED NOT NULL,
  `public` tinyint(1) NOT NULL,
  `user_id` int(10) UNSIGNED NOT NULL,
  `startDate` timestamp NOT NULL DEFAULT current_timestamp(),
  `finishDate` timestamp NOT NULL DEFAULT '0000-00-00 00:00:00',
  `olx_id` int(10) UNSIGNED DEFAULT NULL
) ENGINE=InnoDB DEFAULT CHARSET=utf8;

--
-- Дамп данных таблицы `adverts`
--

INSERT INTO `adverts` (`id`, `title`, `category_id`, `optype`, `subcategory_id`, `inner_id`, `text`, `phone`, `price`, `coord_lat`, `coord_lon`, `region_id`, `city_id`, `public`, `user_id`, `startDate`, `finishDate`, `olx_id`) VALUES
(1, 'IPhone 11 pro аккум 95% память 64гб Галактика', 3, 1, 22, 22, 'Только 3 дня подписчикам в Инстаграмм Бронь плёнка В ПОДАРОК\n\n10 000 довольных клиентов\n5 лет успешной работы \n\nСМОТРИТЕ ДРУГИЕ МОИ ОБЪЯВЛЕНИЕ\n\n- Все смартфоны прошли проверку на работоспособность\n-В ИДЕАЛЬНОМ состоянии!\n10 из 10\n-ГАРАНТИЯ на все смартфоны!\n-персональная обслуживание к каждому покупателю \n- в комплекте зарядка документы коробка и чехол\n- Рассмотрим варианты оценки и покупки Вашего смартфона по лучшей цене в Столице!\n-Отправка в любую точку страны!\n- оформление рассрочки ОНЛАЙН\n-Trade-in!\n-Рассрочка от Альфа банка под 0 % до 8 месяцев!!!\n-Доставка по городу бесплатно!\n-доставка по Қазақстану через индрайвер\n-Оформление через банк у нас в магазине в течении 15 минут! либо можно онлайн!\n-Цены в ценниках для наличный расчёт. А в рассрочку добавляется к сумме 8% на 8 месяц \n-При приобретении товара предоставляется юридическая и техническая ГАРАНТИЯ по накладной!\n\nНаш Адрес: г. Нур-Султан ул.Габдуллина 18 блок Е вход со двора\n\nМагазин Sapa Smartphone \nInstagram: sapa_smartfon\n\nПо всем вопросам обращаться в отдел продаж (график с 10:00 – 21 00)', '(747)4414574', 290000, 51.1282, 71.4304, 1, 11, 1, 3, '2021-07-03 21:08:41', '2021-08-02 21:08:41', 305305558),
(2, 'Продам смартфон samsung galaxy s10+', 3, 1, 22, 22, 'Продается смартфон samsung galaxy s10+\nсамый удачный из получившихся смартфонов у самсунга.\nТелефон всегда носился в чехле, состояние близко к идеалу. Покупался в технодоме, официальный в Казахстане. \nКоробка имеется.\nЧехол оригинал книжка в подарок', '(777)5327848', 170000, 51.1282, 71.4304, 1, 11, 1, 3, '2021-07-03 21:08:44', '2021-08-02 21:08:44', 305186529),
(3, 'Продам iPhone 11', 3, 1, 22, 22, 'Продам iPhone 11, в идеальном состоянии, защитная плёнка имеется, два чехла в подарок, чёрного цвета. Небольшой торг', '(776)1866112', 270000, 51.1282, 71.4304, 1, 11, 1, 3, '2021-07-03 21:08:46', '2021-08-02 21:08:46', 305135861),
(4, 'Redmi Not 9pro 128gb', 3, 1, 22, 22, 'Только 3 дня подписчикам в Инстаграмм Бронь плёнка В ПОДАРОК\n\nСМОТРИТЕ ДРУГИЕ МОИ ОБЪЯВЛЕНИЕ\n\n- Все смартфоны прошли проверку на работоспособность\n-В ИДЕАЛЬНОМ состоянии!\n-ГАРАНТИЯ на все смартфоны!\n- Рассмотрим варианты оценки и покупки Вашего смартфона по лучшей цене в Столице!\n-Отправка в любую точку страны!\n-Trade-in!\n-Рассрочка от Альфа банка под 0 % до 8 месяцев!!!\n-Доставка по городу бесплатно!\n-Оформление через банк у нас в магазине в течении 15 минут! либо можно онлайн!\n-При приобретении товара предоставляется юридическая и техническая ГАРАНТИЯ по накладной!\n\nНаш Адрес: г. Нур-Султан ул.Габдуллина 18 блок Е вход со двора\n\nМагазин Sapa Smartphone \nInstagram: sapa_smartfon\n\nПо всем вопросам обращаться в отдел продаж (график с 10:00 – 21 00)', '(747)4414574', 85000, 51.1282, 71.4304, 1, 11, 1, 3, '2021-07-03 21:08:49', '2021-08-02 21:08:49', 304814299),
(5, 'IPhone SE 2020 в идеале память 128', 3, 1, 22, 22, 'Только 3 дня подписчикам в Инстаграмм Бронь плёнка В ПОДАРОК\n\nСМОТРИТЕ ДРУГИЕ МОИ ОБЪЯВЛЕНИЕ\n\n- Все смартфоны прошли проверку на работоспособность\n-В ИДЕАЛЬНОМ состоянии!\n-ГАРАНТИЯ на все смартфоны!\n- Рассмотрим варианты оценки и покупки Вашего смартфона по лучшей цене в Столице!\n-Отправка в любую точку страны!\n-Trade-in!\n-Рассрочка от Альфа банка под 0 % до 8 месяцев!!!\n-Доставка по городу бесплатно!\n-Оформление через банк у нас в магазине в течении 15 минут! либо можно онлайн!\n-При приобретении товара предоставляется юридическая и техническая ГАРАНТИЯ по накладной!\n\nНаш Адрес: г. Нур-Султан ул.Габдуллина 18 блок Е вход со двора\n\nМагазин Sapa Smartphone \nInstagram: sapa_smartfon\n\nПо всем вопросам обращаться в отдел продаж (график с 10:00 – 21 00)', '(747)4414574', 140000, 51.1282, 71.4304, 1, 11, 1, 3, '2021-07-03 21:08:51', '2021-08-02 21:08:51', 304801936),
(6, 'Продам Iphone 7 Plus', 3, 1, 22, 22, 'Продам iPhone 7 Plus, Все детали оригинальны , ничего не менял , нету трещин , цвет Black , есть коробка зарядка наушники , 81% ,', '(787)0720471', 85000, 51.1282, 71.4304, 1, 11, 1, 3, '2021-07-03 21:08:54', '2021-08-02 21:08:54', 305561181),
(7, 'Смартфон le eco le pro al black edition', 3, 1, 22, 22, 'Гугл сервисы,отпечаток пальца,4000мап батарея,чехол в подарок,зарядка тайп си,16мг пикселей камера,стальной корпус.телефон супер за эту цену.есть пульт дистанционного управления,4.32 Гб.', '(776)1508396', 26000, 51.1282, 71.4304, 1, 11, 1, 3, '2021-07-03 21:08:57', '2021-08-02 21:08:57', 264746101),
(8, 'Iphone 12 Pro', 3, 1, 22, 22, 'Iphone 12 pro , 256 гб, золотистого цвета , аккумулятор 100%, без царапин , в отличном состоянии , пользовались 1,5 месяца! Обмен только на деньги!', '(770)0202019', 425000, 51.1282, 71.4304, 1, 11, 1, 3, '2021-07-03 21:08:59', '2021-08-02 21:08:59', 303385602),
(9, 'Редми ноут 9 про', 3, 1, 22, 22, 'Срочно продам телефон Редми нот 9 про 128 гиг а отличном состоянии пользовались аккуратно, без минусов, цена окончательная дакументы все есть.', '(708)3275842', 90000, 51.1282, 71.4304, 1, 11, 1, 3, '2021-07-03 21:09:02', '2021-08-02 21:09:02', 303252280),
(10, 'iPhone 8+', 3, 1, 22, 22, 'В отличном состоянии, без ремонтов, любые проверки, документы, коробка', '(770)7414274', 140000, 51.1282, 71.4304, 1, 11, 1, 3, '2021-07-03 21:09:04', '2021-08-02 21:09:04', 305560604),
(11, 'Срочно продам Samsung A71', 3, 1, 22, 22, 'В идеальном состоянии. Коробка зарядка чехол в комплекте.\nПамять 128 гб. \nВацап : 51600879\nЦена договорная', '(775)1600879', 90000, 51.1282, 71.4304, 1, 11, 1, 3, '2021-07-03 21:09:06', '2021-08-02 21:09:06', 282988449),
(12, 'Продам Samsung A50', 3, 1, 22, 22, 'Продам телефон samsung A50 . Требуется под замену дисплей. Телефон никогда не был в ремонте, всё работает, кроме дисплея. \nКоробка с документами, зарядка имеются.', '(707)9966251', 25000, 51.1282, 71.4304, 1, 11, 1, 3, '2021-07-03 21:09:09', '2021-08-02 21:09:09', 305560463),
(13, 'Iphone 7+', 3, 1, 22, 22, '256gb документы зарядка', '(787)0124730', 70000, 51.1282, 71.4304, 1, 11, 1, 3, '2021-07-03 21:09:12', '2021-08-02 21:09:12', 302986570),
(14, 'Samsung A6+', 3, 2, 22, 22, 'Обмен Samsung A6+ на ваши предложения \nПодробнее в WhatsApp 07261102', '(707)2984299', NULL, 51.1282, 71.4304, 1, 11, 1, 3, '2021-07-03 21:09:14', '2021-08-02 21:09:14', 305560311),
(15, 'Самсунг J7', 3, 1, 22, 22, 'Состояние идеальное, без царапин, идёт в чехле и с защитной пленкой на экране \nдокументы и коробка в наличии', '(701)9006862', 35000, 51.1282, 71.4304, 1, 11, 1, 3, '2021-07-03 21:09:17', '2021-08-02 21:09:17', 303373647),
(16, 'Iphone 12 pro Max 128gb  Синий цвет новый коробка не открылся', 3, 1, 22, 22, 'Iphone 12 pro Max 128gb сам 522тысячу купил новый коробка еще не открылся срочно', '(705)2980611', 490000, 51.1282, 71.4304, 1, 11, 1, 3, '2021-07-03 21:09:19', '2021-08-02 21:09:19', 305549128),
(17, 'Самсунг J1 4G смартфон', 3, 1, 22, 22, 'Продам, в хорошем состоянии\nВсе работает, 4G интернет\n16gb память, оперативная память 1gb\nНа передней части трещины, на сенсор и работк не влияет\nЦена договорная', '(705)2805519', 7000, 51.1282, 71.4304, 1, 11, 1, 3, '2021-07-03 21:09:22', '2021-08-02 21:09:22', 305559923),
(18, 'Обмен телефон Сяоми редми 8а', 3, 2, 22, 22, 'Обменяю сяоми редми 8а 32 Гб на другой телефон если обмен на айфон то только не ниже айфона 6,6s и выше или на андроид писать ватсап 80860906 Рома \nДокументы зарядка каробка есть .', '(778)0860906', NULL, 51.1282, 71.4304, 1, 11, 1, 3, '2021-07-03 21:09:24', '2021-08-02 21:09:24', 305559586),
(19, 'Телефон Iphone SE', 3, 1, 22, 22, 'Продам телефон iPhone SE, 64 гб, в очень хорошем состоянии. Как новый! Купите и не пожалеете.', '(777)5599938', 35000, 51.1282, 71.4304, 1, 11, 1, 3, '2021-07-03 21:09:26', '2021-08-02 21:09:26', 305559452),
(20, 'Iphone 11 pro 64 гб в идеальном состоянии', 3, 1, 22, 22, 'Срочно продаю! Коробка и все внутри имеется! Без царапин, идеальное состояние', '(777)5330103', 250000, 51.1282, 71.4304, 1, 11, 1, 3, '2021-07-03 21:09:29', '2021-08-02 21:09:29', 305559420),
(21, 'Samsung galaxy s21 ultra 16/512', 3, 1, 22, 22, 'Куплено недели назад в Mobilion-е на Есиль за 560000 .  Топовая память 16/512. Подарили на день рождения. Пользуюсь всего недели, любая проверка.  Причина продажи есть другой телефон.', '(777)6052188', 460000, 51.1282, 71.4304, 1, 11, 1, 3, '2021-07-03 21:09:32', '2021-08-02 21:09:32', 305434597),
(22, 'Iphone 11 pro 64 гб идеале', 3, 1, 22, 22, 'Срочно продаю айфон 11 pro 64 в идеальном состоянии без единой царапины! Все документы!', '(777)5330103', 250000, 51.1282, 71.4304, 1, 11, 1, 3, '2021-07-03 21:09:34', '2021-08-02 21:09:34', 305559192),
(23, 'Новый Айфон 12', 3, 1, 22, 22, 'Новый запечатанный телефон Iphone 12, 128GB\nЦвет:черный\n12 месяц гарантия\nОбмен не интересует только деньги', '(774)7977737', 390000, 51.1282, 71.4304, 1, 11, 1, 3, '2021-07-03 21:09:37', '2021-08-02 21:09:37', 305558772),
(24, 'Продам Айфон 7+', 3, 1, 22, 22, 'Айфон 7+ , цвет черный , память 64 . В хорошем состоянии , коробка , зарядка имеются . Реальному покупателю скидка', '(770)2795282', 65000, 51.1282, 71.4304, 1, 11, 1, 3, '2021-07-03 21:09:39', '2021-08-02 21:09:39', 305558264),
(25, 'iPhone 7 идеальном состоянии 128 гб', 3, 1, 22, 22, 'Айфон 7 128гб в идеальном состоянии.По всем вопросам писать только  на ватсап 87473063200', '(774)7306320', 50000, 51.1282, 71.4304, 1, 11, 1, 3, '2021-07-03 21:09:42', '2021-08-02 21:09:42', 305558215),
(26, 'Обмен самсунг А20s', 3, 2, 22, 22, 'ОБМЕН самсунг Обмен самсунг.', '(700)4470997', NULL, 51.1282, 71.4304, 1, 11, 1, 3, '2021-07-03 21:09:43', '2021-08-02 21:09:43', 305558177),
(27, 'Huavei P20 lite 64gb', 3, 1, 22, 22, 'Телефон хороший,без лага, память 64 гигов \nНа дисплее есть небольшая царапина но на работу не влияет.Пользовался 3 месяца.Обмен приветствуется', '(778)0854405', 29900, 51.1282, 71.4304, 1, 11, 1, 3, '2021-07-03 21:09:46', '2021-08-02 21:09:46', 305558161),
(28, 'Продам Samsung S9', 3, 1, 22, 22, 'Продам Samsung S9, 64 гб, в отличном состоянии. Оригинал. Куплен заграницей. Сохранены все коробки и документы. На телефоне нет сколов, повреждений не было. В ремонте не был. Работает быстро, не зависает, батарею держит отлично, быстрая зарядка. Телефон как новый. Телефон с полной (оригинальной) комплектацией. Подробно пишите в сбщ.', '(778)6163089', 115000, 51.1282, 71.4304, 1, 11, 1, 3, '2021-07-03 21:09:49', '2021-08-02 21:09:49', 283244991),
(29, 'Motorola Z2 play', 3, 1, 22, 22, 'В хорошем состоянии, все работает, в комплекте коробки, и оригинал зарядка, на фото с права чехол колонка jbl(покупал недавно за 42700 чек имеется) , звук отличный,и геймпад также подключается к телефону , игры играть\n удобно, 64гб, цена окончательная', '(701)1522938', 65000, 51.1282, 71.4304, 1, 11, 1, 3, '2021-07-03 21:09:52', '2021-08-02 21:09:52', 283960909),
(30, 'Айфон 12 про макс 256гб', 3, 1, 22, 22, 'Пользовался бережно! Есть гарантия от актив центра до конца текущего года! Цвет тихо океанский синий 256гб в комплект отдам айфоновские наушники и блок питание в оригинале)', '(770)5962643', 500000, 51.1282, 71.4304, 1, 11, 1, 3, '2021-07-03 21:09:54', '2021-08-02 21:09:54', 302570825),
(31, 'Samsung s20 fe 128/6 gb', 3, 1, 22, 22, 'Продам Samsung S20 FE\nВ отличном состояний!\nБез царапин и трещин \nПочти новый (даже заводскую пленку не снял)\nКамера очень мощная! 32 Мп (стоит флагманский модуль)\nЭкран sAMOLED 120 герц, очень плавный - очень удобно для фильмов\nPubg тянет\nВесь комплект + В ПОДАРОК ЧЕХОЛ \nВатсап 8 708 238 30 50\nпричина продажи - покупка IPhone 11', '(708)2383050', 130000, 51.1282, 71.4304, 1, 11, 1, 3, '2021-07-03 21:09:57', '2021-08-02 21:09:57', 305557195),
(32, 'Продам телефон redmi not 5', 3, 1, 22, 22, 'Продам телефон redmi not 5. В хорошем состоянии. Пользовались аккуратно. Цена 25000', '(707)7747450', 25000, 51.1282, 71.4304, 1, 11, 1, 3, '2021-07-03 21:09:59', '2021-08-02 21:09:59', 301529472),
(33, 'Продам iphone 11', 3, 1, 22, 22, 'С ДОКУМЕНТАМИ!Продам iPhone 11, 64Gb в идеальнейшем состоянии, полный комплект.\n Не ремонтировался, не вскрывался, в воде не был, все в заводском оригинале (Face ID и True Tone исправно работают )\nДисплей с первой минуты был в защитном стекле, причём за весь срок стекло не менялось, ставил изначально дорогое стекло! \nК телефону обращался бережно, очень уж эта модель нравится.пишите ватсап (76606060)', '(787)7766060', 215000, 51.1282, 71.4304, 1, 11, 1, 3, '2021-07-03 21:10:01', '2021-08-02 21:10:01', 305556998),
(34, 'Самсунг А8 32г память', 3, 1, 22, 22, 'Срочно продам Самсун А8 2018 32 г памяти в серебристом цвете в отличном состоянии, все работает, ранее в ремонте не был ,в комплекте коробка и сам телефон.Звоните пишите отвечаю везде ,договоримся', '(778)2133617', 43000, 51.1282, 71.4304, 1, 11, 1, 3, '2021-07-03 21:10:04', '2021-08-02 21:10:04', 305556892),
(35, 'Продам Samsung galaxy A21S', 3, 1, 22, 22, 'Продам или обмен телефон новый месяца нет писать на ватсапп или же сюда 85к торг срочно\nВарианты ватсапп', '(702)9130884', 85000, 51.1282, 71.4304, 1, 11, 1, 3, '2021-07-03 21:10:06', '2021-08-02 21:10:06', 305556492),
(36, 'Срочно продам S10 lait', 3, 1, 22, 22, 'Срочно продам нужна наличка есть всё состояний нового. Об ен не предлагать.торг не большой', '(701)3730445', 120000, 51.1282, 71.4304, 1, 11, 1, 3, '2021-07-03 21:10:09', '2021-08-02 21:10:09', 305556404),
(37, 'Samsung galaxy J4+ | smartphone | смартфон | телефон', 3, 1, 22, 22, 'Смартфон в хорошем состоянии.\nТелефон samsung galaxy J4+, 32ГБ \nЗарядка, чехол.\nРайон хан шатыр.', '(774)7489018', 20000, 51.1282, 71.4304, 1, 11, 1, 3, '2021-07-03 21:10:11', '2021-08-02 21:10:11', 303260400),
(38, 'Продам iPhone SE 2020 64 gb', 3, 1, 22, 22, 'Телефон в идеальном состоянии, в комплект входит : коробка, документы, наушники, зарядное устройство.\nИзнос батареи - 90%\nЗвонить на номер : 54361036 , тут появляюсь крайне редко.', '(777)5436103', 100000, 51.1282, 71.4304, 1, 11, 1, 3, '2021-07-03 21:10:16', '2021-08-02 21:10:16', 305556247),
(39, 'Iphone 6', 3, 1, 22, 22, 'iPhone 6 - 64GB в хорошем состоянии! Есть два чехла, в плёнке.', '(777)7017877', 40000, 51.1282, 71.4304, 1, 11, 1, 3, '2021-07-03 21:10:19', '2021-08-02 21:10:19', 286507276),
(40, 'Телефоны б/у', 3, 1, 22, 22, 'Телефоны б/у в хорошем состоянии\nSamsung A70- 65000 тг \nSamsung A51- 65000 тг \nSamsung A50- 47000 тг \nSamsung A30- 45000 тг \nSamsung A20- 30000 тг \nSamsung A10- 30000 тг \nSamsung A3/2015- 20000 тг \nSamsung S7 edge- 45000 тг \nSamsung J7/2017- 25000 тг\nSamsung J1/2016- 17000 тг \nSamsung J710- 20000 тг\nSamsung J5/2017- 25000 тг \nSamsung J110- 17000 тг \nSamsung J100- 15000 тг\nSamsung J120- 17000 тг \nSamsung G313- 10000 тг \nSamsung 8262- 10000 тг \nSamsung B310- 5000 тг \nSamsung Tab A6 планшет- 25000 тг \nСамые низкие цены в городе\nНаши адреса: Абая 63, Косшыгулулы 19/4\nПо всем вопросам обращаться: \n1 082 2220\n7 768 6807\n1 081 1110', '(770)1082222', 20000, 51.1282, 71.4304, 1, 11, 1, 3, '2021-07-03 21:10:22', '2021-08-02 21:10:22', 300068902),
(41, 'Телефоны б/у в хорошем качестве', 3, 1, 22, 22, 'Продаются смартфоны б/у в хорошем состоянии\nВ наличии более 100 моделей, на любой вкус и кошелек \nСамые низкие цены в городе\nГрафик работы с 10 до 22.00, без выходных \nИнстаграм: kabtel_kz\nНаши адреса: Абая 63 (ЖК Тараз)\nҚосшығұлұлы 19/4\nПо всем вопросам обращаться по номерам: \n1 082 2220\n1 081 1110\n7 768 6807', '(701)0822220', 30000, 51.1282, 71.4304, 1, 11, 1, 3, '2021-07-03 21:10:27', '2021-08-02 21:10:27', 299488167),
(42, 'Продаются новые телефоны', 3, 1, 22, 22, 'Продаются новые телефоны Jinga F200 и Expert X2. \nОперативная память 32 и 64 МБ\nDual sim- 2 сим карты\nОсновная камера VGA\nЦвет: черный\nФункции: фонарь, аудио/видеоплеер, калькулятор, будильник, файл менеджер, игры, другое \nКомплектация: зарядное устройство, коробка документов\nЦена 4500 тг\nДля наших партнеров действуют специальные предложения!\nПо всем вопросам обращаться по номерам: \n1 082 2220\n1 081 1110\n7 768 6807', '(701)0822220', 4500, 51.1282, 71.4304, 1, 11, 1, 3, '2021-07-03 21:10:29', '2021-08-02 21:10:29', 299288058),
(43, 'Samsung J5', 3, 1, 22, 22, 'Samsung J5 в отличном состоянии, почти не пользовались! Лежал дома)', '(777)7017877', 35000, 51.1282, 71.4304, 1, 11, 1, 3, '2021-07-03 21:10:32', '2021-08-02 21:10:32', 286507441),
(44, 'СтИркА коВроВ аКциЯ 500тг за метр кв', 9, 1, 52, 52, 'Если Вы действительно хотите чтоб ковры были ПОСТИРАНЫ КАЧЕСТВЕННО то ВАМ К НАМ!!!\nПрофессиональная  - стирка ковров производится на турецком ковромоечном оборудованием.\n*Работаем без выходных и праздников \n* Оплата при доставке, работаем без предоплаты. \n*Срок исполнения заказа 3-4 дней! \n*Вывоз и Доставка ковров БЕСПЛАТНО !\n*Минимальный заказ 5000 тыс тнг \nКонсультация по телефону или WhatsApp  \n87477462716 \nИнста tazalux.nursultan \nОбращаться по телефону 87477462716\n Быстрый выезд в День заявки, или по записи.\n Работаем без выходных 24/7\nЗвоните! И заказывайте профессиональную стирку и химчистку.', '(774)7746271', NULL, 51.1282, 71.4304, 1, 11, 1, 3, '2021-07-04 16:19:58', '2021-08-03 16:19:58', 275255404),
(45, 'Стирка и чистка ковров', 9, 1, 52, 52, 'Работаем более 18 лет. \r\nМы предлагаем: \r\n• Цена за кв.м не меняется в зависимости от размеров\r\n• Стирка, влажная чистка и сухая чистка ковров, дорожек, паласов\r\n• Чистка шёлка, вискозы, акриловых ковров и ковров ручной \\/работы\r\n• Любая сложность и размеры!\r\n• Скидка 15% на самовывоз\r\n• Скидка 5% подписчикам инстаграма: abs.kz\r\n\r\nЭтапы:\r\n۷ Обеспыливание\r\n۷ Удаление пятен\r\n۷ Чистка ротором со СМЕНОЙ ЩЁТОК!\r\n۷ Отжим в центрифуге\r\n۷ Сушка в сушильной камере при 40-45С\r\n۷ Ворсование\r\n۷ Упаковка\r\n۷ Доставка в обе стороны\r\n۷ Самовывоз\r\n\r\nПозвонив нам Вы сделаете абсолютно правильный выбор!\r\n\r\n Отзывы в инстаграме по хэштегу #отзывыабс', '(707)7928833', NULL, 51.1282, 71.4304, 1, 11, 1, 3, '2021-07-04 16:20:01', '2021-08-03 16:20:01', 260540126),
(46, 'Химчистка дивана матраса в Астане чистка мягкой мебели ковра уборка па', 9, 1, 52, 52, 'Химчистка дивана матраса ковров чистка мягкой мебели стирка ковра уборка парогенератором\n15442233', '(701)5442233', NULL, 51.1282, 71.4304, 1, 11, 1, 3, '2021-07-04 16:20:04', '2021-08-03 16:20:04', 260642653),
(47, 'Ищу няню на пол дня 100.000 тг', 9, 1, 52, 52, 'Нужна няня и помощница. на 6 дней по 5 часов. \nРебёнок 7 месяцев, быть дома с ним и гулять. \nОтзывы с предыдущей работы обязательны. Наличие санитарной книжки и справки о несудимости!\n\n+Уборка раз в неделю дома 53 квадрата.\n\nНаличие своих детей обязательно, тихая, спокойная. Общаться нужно только с ребёнком, не со мной. Дома установлена камера. Возраст до 40 лет.\n\nОплата 1 раз в месяц.\n\nНе звоните, пишите в ватсап, можете сразу резюме скидывать. Спасибо. \n\nПравый берег, район Шапагата', '(701)8329990', NULL, 51.1282, 71.4304, 1, 11, 1, 3, '2021-07-04 16:20:06', '2021-08-03 16:20:06', 303947557),
(48, 'Чистка корпе, одеял,пледов,покрывал,наматрацников', 9, 1, 52, 52, 'Химчистка \"АльфаЛюксклининг, предлагает чистку, аква чистку, химчистку корпе и корпешек.В зависимости от наполнителя (шерсть, вата, синтепон) оператор подберет метод чистки. Корпе станут чистыми и  воздушными. Стоимость  стандартного корпе 0,7х1,90 стоит от 2500 тенге, в зависимости от наполнителя и загрязнения.Срок исполнения 3-4 дня. Чистим также одеяла разных размеров и наполнителей (шерсть, пух, халавайбер и т.д.) Чистим и стираем пледы и покрывало.Чистим на матрацники. Ждем Вас по адресу Богенбай Батыра  1Д, начало Московской  с 9-00 до 18-00 выходной воскресенье.', '(770)1394405', NULL, 51.1282, 71.4304, 1, 11, 1, 3, '2021-07-04 16:20:09', '2021-08-03 16:20:09', 290373794),
(49, 'Нужна няня для ребенка. 100000 тг', 9, 1, 52, 52, 'Нужна няня для 9 месячного ребенка. Должна быть чистоплотная от 20 до 30 лет. Можно и  с проживанием. Остальное обсудим.', '(777)9193683', NULL, 51.1282, 71.4304, 1, 11, 1, 3, '2021-07-04 16:20:11', '2021-08-03 16:20:11', 305610091),
(50, 'Изготовление ключей для авто и домашних, Манаса 1', 9, 1, 52, 52, 'КЛЮЧИ ОТ ДОМА И ДОМОФОНА \nЧип иммобилайзер \nИзготовление ключей.\n_ремонт замков авто и квартирой любой сложности.\n_Изготовление простых и чиповых ключей \n_Ремонт Замков Зажигания  Смарт ключи на Push Start \nКлючи рыбка на _Mercedes-Benz (ремонт электронных замков и ключей) \n_Замена батареек в ключах и пультах..\n_15 -ЛЕТНИЙ СТАЖ. 708 663 9288', '(708)6639288', NULL, 51.1282, 71.4304, 1, 11, 1, 3, '2021-07-04 16:20:13', '2021-08-03 16:20:13', 267643251),
(51, 'пошив', 9, 1, 52, 52, 'Лаборатория массового пошива предлагает пошив любой сложности, мы гарантируем качество и точность по срокам ,а так же мы отшиваем спец.одежду,полное оснащение ресторанного и спорт. бизнеса, униформы', '(777)1151555', NULL, 51.1282, 71.4304, 1, 11, 1, 3, '2021-07-04 16:20:16', '2021-08-03 16:20:16', 304792447),
(52, 'Пошив одежды на заказ', 9, 1, 52, 52, 'Пошив одежды на заказ в  большом и маленьком объёме. Коллективные костюмы, брендированную линию одежды,спортивные костюмы, спецодежда. \n\nИсполняем все дизайны, в быстрые сроки, качественно.\n\nЛюбой сложности и дизайна. Индивидуальный подход к каждому клиенту. Опытные специалисты со стажем. Цех расположен на левом берегу. \nРады будем с вами сотрудничать.\n\nВыдаём  счёт фактуру и накладные. Заказ исполняется в течений 10-14дней. \n\nВсе вопросы по телефону 12038488', '(787)0120384', NULL, 51.1282, 71.4304, 1, 11, 1, 3, '2021-07-04 16:20:19', '2021-08-03 16:20:19', 300820931),
(53, 'Няня у себя на дому, район 7 поликлиника.', 9, 1, 52, 52, 'Предлагаю услуги няни у себя дома. В течении дня с 8.00 утра до 18.00 3000. Тг, по часам 500тг, с ночёвкой 5000 и на выходные дни 4000, пяти разовое питание. Вашему малышу будет у нас весело, тепло, сытно и уютно. Имею педагогическое образование, большой опыт работы с детьми. Номер телефона: 78821599', '(777)8821599', NULL, 51.1282, 71.4304, 1, 11, 1, 3, '2021-07-04 16:20:21', '2021-08-03 16:20:21', 178311668),
(54, '11111111111111111', 1, 1, 1, 1, 'null', '(333) 333-3333', 123123, 52.0406, 76.9264, 11, 50, 1, 73, '2021-09-18 13:59:44', '2021-10-18 13:59:44', NULL);

-- --------------------------------------------------------

--
-- Структура таблицы `articles`
--

CREATE TABLE `articles` (
  `id` int(10) UNSIGNED NOT NULL,
  `text` varchar(5000) CHARACTER SET utf8 NOT NULL,
  `created_at` timestamp NOT NULL,
  `updated_at` timestamp NOT NULL
) ENGINE=InnoDB DEFAULT CHARSET=utf8mb4 COLLATE=utf8mb4_unicode_ci;

-- --------------------------------------------------------

--
-- Структура таблицы `cache`
--

CREATE TABLE `cache` (
  `key` varchar(191) COLLATE utf8mb4_unicode_ci NOT NULL,
  `value` mediumtext COLLATE utf8mb4_unicode_ci NOT NULL,
  `expiration` int(11) NOT NULL
) ENGINE=InnoDB DEFAULT CHARSET=utf8mb4 COLLATE=utf8mb4_unicode_ci;

--
-- Дамп данных таблицы `cache`
--

INSERT INTO `cache` (`key`, `value`, `expiration`) VALUES
('laravellang', 's:2:\"ru\";', 1866451866);

-- --------------------------------------------------------

--
-- Структура таблицы `canceled`
--

CREATE TABLE `canceled` (
  `id` int(10) UNSIGNED NOT NULL,
  `advert_id` int(10) UNSIGNED NOT NULL,
  `reason_id` int(10) UNSIGNED NOT NULL,
  `title` varchar(60) COLLATE utf8mb4_unicode_ci NOT NULL
) ENGINE=InnoDB DEFAULT CHARSET=utf8mb4 COLLATE=utf8mb4_unicode_ci;

-- --------------------------------------------------------

--
-- Структура таблицы `car_mark`
--

CREATE TABLE `car_mark` (
  `id` int(2) UNSIGNED NOT NULL,
  `name` varchar(20) CHARACTER SET utf8 NOT NULL
) ENGINE=InnoDB DEFAULT CHARSET=utf8mb4 COLLATE=utf8mb4_unicode_ci;

--
-- Дамп данных таблицы `car_mark`
--

INSERT INTO `car_mark` (`id`, `name`) VALUES
(1, 'Audi'),
(2, 'BMW'),
(3, 'Bentley'),
(4, 'Cadillac'),
(5, 'Changan'),
(6, 'Chery'),
(7, 'Chevrolet'),
(8, 'Chrysler'),
(9, 'Citroen'),
(10, 'Daewoo'),
(11, 'Datsun'),
(12, 'Dodge'),
(13, 'FAW'),
(14, 'Fiat'),
(15, 'Ford'),
(16, 'Geely'),
(17, 'Haval'),
(18, 'Honda'),
(19, 'Hummer'),
(20, 'Hyundai'),
(21, 'Infiniti'),
(22, 'Isuzu'),
(23, 'JAC'),
(24, 'Jaguar'),
(25, 'Jeep'),
(26, 'Kia'),
(27, 'Land Rover'),
(28, 'Lexus'),
(29, 'Lifan'),
(30, 'Lincoln'),
(31, 'Mazda'),
(32, 'Mercedes-Benz'),
(33, 'Mini'),
(34, 'Mitsubishi'),
(35, 'Nissan'),
(36, 'Opel'),
(37, 'Peugeot'),
(38, 'Porsche'),
(39, 'Ravon'),
(40, 'Renault'),
(41, 'Seat'),
(42, 'Skoda'),
(43, 'SsangYong'),
(44, 'Subaru'),
(45, 'Suzuki'),
(46, 'Tesla'),
(47, 'Toyota'),
(48, 'Volkswagen'),
(49, 'Volvo'),
(50, 'ВАЗ (Lada)'),
(51, 'ГАЗ'),
(52, 'ЗАЗ'),
(53, 'ИЖ'),
(54, 'Москвич'),
(55, 'Ретро-автомобили'),
(56, 'УАЗ');

-- --------------------------------------------------------

--
-- Структура таблицы `car_model`
--

CREATE TABLE `car_model` (
  `id` int(5) UNSIGNED NOT NULL,
  `mark_id` int(2) UNSIGNED NOT NULL,
  `name` varchar(40) CHARACTER SET utf8 NOT NULL
) ENGINE=InnoDB DEFAULT CHARSET=utf8mb4 COLLATE=utf8mb4_unicode_ci;

--
-- Дамп данных таблицы `car_model`
--

INSERT INTO `car_model` (`id`, `mark_id`, `name`) VALUES
(1, 1, '80'),
(2, 1, '90'),
(3, 1, '100'),
(4, 1, '200'),
(5, 1, 'A1'),
(6, 1, 'A3'),
(7, 1, 'A4'),
(8, 1, 'A4 allroad'),
(9, 1, 'A5'),
(10, 1, 'A6'),
(11, 1, 'A6 allroad'),
(12, 1, 'A7'),
(13, 1, 'A8'),
(14, 1, 'Cabriolet'),
(15, 1, 'Coupe'),
(16, 1, 'Q3'),
(17, 1, 'Q3 Sportback'),
(18, 1, 'Q5'),
(19, 1, 'Q7'),
(20, 1, 'Q8'),
(21, 1, 'R8'),
(22, 1, 'RS 3'),
(23, 1, 'RS 4'),
(24, 1, 'RS 5'),
(25, 1, 'RS 6'),
(26, 1, 'RS 7'),
(27, 1, 'RS Q3'),
(28, 1, 'S3'),
(29, 1, 'S4'),
(30, 1, 'S5'),
(31, 1, 'S6'),
(32, 1, 'S8'),
(33, 1, 'TT'),
(34, 1, 'V8'),
(35, 1, 'e-tron'),
(36, 1, 'e-tron Sportback'),
(37, 2, '1-series'),
(38, 2, '116'),
(39, 2, '118'),
(40, 2, '120'),
(41, 2, '125'),
(42, 2, '2-series'),
(43, 2, '220'),
(44, 2, '225'),
(45, 2, 'M235'),
(46, 2, '3-Series'),
(47, 2, '315'),
(48, 2, '316'),
(49, 2, '318'),
(50, 2, '320'),
(51, 2, '323'),
(52, 2, '325'),
(53, 2, '328'),
(54, 2, '330'),
(55, 2, '335'),
(56, 2, '4-Series'),
(57, 2, '428'),
(58, 2, '435'),
(59, 2, '5-Series'),
(60, 2, '518'),
(61, 2, '520'),
(62, 2, '523'),
(63, 2, '524'),
(64, 2, '525'),
(65, 2, '528'),
(66, 2, '530'),
(67, 2, '535'),
(68, 2, '540'),
(69, 2, '545'),
(70, 2, '550'),
(71, 2, '6-Series'),
(72, 2, '630'),
(73, 2, '640'),
(74, 2, '645'),
(75, 2, '650'),
(76, 2, '6-Series Gran Turismo'),
(77, 2, '630'),
(78, 2, '640'),
(79, 2, '7-Series'),
(80, 2, '725'),
(81, 2, '728'),
(82, 2, '730'),
(83, 2, '732'),
(84, 2, '735'),
(85, 2, '740'),
(86, 2, '745'),
(87, 2, '750'),
(88, 2, '760'),
(89, 2, 'M760'),
(90, 2, '8-Series'),
(91, 2, '840'),
(92, 2, '850'),
(93, 2, 'i3'),
(94, 2, 'GT-Series'),
(95, 2, '3-Series Gran Turismo'),
(96, 2, '5-Series Gran Turismo'),
(97, 2, 'M-Series'),
(98, 2, 'M3'),
(99, 2, 'M4'),
(100, 2, 'M5'),
(101, 2, 'M6'),
(102, 2, 'M8'),
(103, 2, 'X5 M'),
(104, 2, 'X6 M'),
(105, 2, 'X4 M'),
(106, 2, 'X-Series'),
(107, 2, 'X1'),
(108, 2, 'X2'),
(109, 2, 'X3'),
(110, 2, 'X4'),
(111, 2, 'X5'),
(112, 2, 'X6'),
(113, 2, 'X7'),
(114, 2, 'Z-Series'),
(115, 2, 'Z3'),
(116, 2, 'Z4'),
(117, 3, 'Arnage'),
(118, 3, 'Bentayga'),
(119, 3, 'Continental Flying Spur'),
(120, 3, 'Continental GT'),
(121, 3, 'Flying Spur'),
(122, 4, 'CTS'),
(123, 4, 'Catera'),
(124, 4, 'DTS'),
(125, 4, 'De Ville'),
(126, 4, 'Eldorado'),
(127, 4, 'Escalade'),
(128, 4, 'Escalade ESV'),
(129, 4, 'Fleetwood'),
(130, 4, 'SRX'),
(131, 4, 'STS'),
(132, 4, 'Seville'),
(133, 4, 'XT4'),
(134, 4, 'XT5'),
(135, 4, 'XT6'),
(136, 5, 'Alsvin'),
(137, 5, 'Auchan A600 EV'),
(138, 5, 'Benben EV'),
(139, 5, 'Benni'),
(140, 5, 'CS15 EV'),
(141, 5, 'CS35'),
(142, 5, 'CS35PLUS'),
(143, 5, 'CS55'),
(144, 5, 'CS75'),
(145, 5, 'CX20'),
(146, 5, 'Chana SC6350С'),
(147, 5, 'Chana SM8'),
(148, 5, 'Eado'),
(149, 6, 'A3'),
(150, 6, 'Amulet'),
(151, 6, 'Amulet (A15)'),
(152, 6, 'Bonus'),
(153, 6, 'Cowin'),
(154, 6, 'Fora'),
(155, 6, 'IndiS'),
(156, 6, 'Kimo (A1)'),
(157, 6, 'M11'),
(158, 6, 'QQ'),
(159, 6, 'QQ6 (S21)'),
(160, 6, 'Sweet (QQ)'),
(161, 6, 'Tiggo'),
(162, 6, 'Tiggo 3'),
(163, 6, 'Tiggo 4'),
(164, 6, 'Tiggo 5'),
(165, 6, 'Tiggo 8'),
(166, 6, 'Very'),
(167, 7, 'Astro'),
(168, 7, 'Avalanche'),
(169, 7, 'Aveo'),
(170, 7, 'Beretta'),
(171, 7, 'Blazer'),
(172, 7, 'Bolt'),
(173, 7, 'Camaro'),
(174, 7, 'Caprice'),
(175, 7, 'Captiva'),
(176, 7, 'Cavalier'),
(177, 7, 'Chevy Van'),
(178, 7, 'Classic'),
(179, 7, 'Cobalt'),
(180, 7, 'Colorado'),
(181, 7, 'Corvette'),
(182, 7, 'Cruze'),
(183, 7, 'Damas'),
(184, 7, 'Epica'),
(185, 7, 'Equinox'),
(186, 7, 'Evanda'),
(187, 7, 'Express'),
(188, 7, 'HHR'),
(189, 7, 'Impala'),
(190, 7, 'K30'),
(191, 7, 'Kalos'),
(192, 7, 'Lacetti'),
(193, 7, 'Lanos'),
(194, 7, 'Lumina'),
(195, 7, 'Malibu'),
(196, 7, 'Matiz'),
(197, 7, 'Nexia'),
(198, 7, 'Niva'),
(199, 7, 'Orlando'),
(200, 7, 'Rezzo'),
(201, 7, 'Silverado'),
(202, 7, 'Spark'),
(203, 7, 'Suburban'),
(204, 7, 'Tacuma'),
(205, 7, 'Tahoe'),
(206, 7, 'Tracker'),
(207, 7, 'TrailBlazer'),
(208, 7, 'Traverse'),
(209, 7, 'Trax'),
(210, 7, 'Van'),
(211, 7, 'Venture'),
(212, 7, 'Viva'),
(213, 8, '300C'),
(214, 8, '300M'),
(215, 8, 'Concorde'),
(216, 8, 'Crossfire'),
(217, 8, 'Intrepid'),
(218, 8, 'LHS'),
(219, 8, 'LeBaron'),
(220, 8, 'Neon'),
(221, 8, 'PT Cruiser'),
(222, 8, 'Pacifica'),
(223, 8, 'Sebring'),
(224, 8, 'Stratus'),
(225, 8, 'Town and Country'),
(226, 8, 'Voyager'),
(227, 9, 'BX'),
(228, 9, 'Berlingo'),
(229, 9, 'C-Crosser'),
(230, 9, 'C-Elysée'),
(231, 9, 'C2'),
(232, 9, 'C3'),
(233, 9, 'C3 Picasso'),
(234, 9, 'C4'),
(235, 9, 'C4 AirCross'),
(236, 9, 'C5'),
(237, 9, 'C5 AirCross'),
(238, 9, 'Evasion'),
(239, 9, 'Jumper'),
(240, 9, 'Xantia'),
(241, 9, 'Xsara Picasso'),
(242, 10, 'Cielo'),
(243, 10, 'Damas'),
(244, 10, 'Espero'),
(245, 10, 'Gentra'),
(246, 10, 'Kalos'),
(247, 10, 'Lacetti'),
(248, 10, 'Lanos'),
(249, 10, 'Leganza'),
(250, 10, 'Lublin'),
(251, 10, 'Magnus'),
(252, 10, 'Matiz'),
(253, 10, 'Matiz Creative'),
(254, 10, 'Musso'),
(255, 10, 'Nexia'),
(256, 10, 'Nubira'),
(257, 10, 'Prince'),
(258, 10, 'Racer'),
(259, 10, 'Rezzo'),
(260, 10, 'Sens'),
(261, 10, 'Statesman'),
(262, 10, 'Tacuma'),
(263, 10, 'Tico'),
(264, 10, 'Tosca'),
(265, 10, 'Winstorm'),
(266, 11, 'on-DO'),
(267, 11, 'mi-DO'),
(268, 12, 'Avenger'),
(269, 12, 'Caliber'),
(270, 12, 'Caravan'),
(271, 12, 'Challenger'),
(272, 12, 'Charger'),
(273, 12, 'Durango'),
(274, 12, 'Intrepid'),
(275, 12, 'Journey'),
(276, 12, 'Magnum'),
(277, 12, 'Neon'),
(278, 12, 'Nitro'),
(279, 12, 'Ram'),
(280, 12, 'Ram Van'),
(281, 12, 'Stealth'),
(282, 12, 'Stratus'),
(283, 13, '1021'),
(284, 13, '1024'),
(285, 13, '6350'),
(286, 13, '6371'),
(287, 13, '6390'),
(288, 13, 'Besturn B50'),
(289, 13, 'N5'),
(290, 13, 'Oley'),
(291, 13, 'V2'),
(292, 13, 'V5'),
(293, 13, 'V80'),
(294, 13, 'Vita'),
(295, 14, '500'),
(296, 14, 'Albea'),
(297, 14, 'Barchetta'),
(298, 14, 'Brava'),
(299, 14, 'Croma'),
(300, 14, 'Doblo'),
(301, 14, 'Ducato'),
(302, 14, 'Fiorino'),
(303, 14, 'Grande Punto'),
(304, 14, 'Idea'),
(305, 14, 'Marea'),
(306, 14, 'Palio'),
(307, 14, 'Panda'),
(308, 14, 'Punto'),
(309, 14, 'Scudo'),
(310, 14, 'Stilo'),
(311, 14, 'Tempra'),
(312, 14, 'UNO'),
(313, 14, 'Ulysse'),
(314, 15, 'Aerostar'),
(315, 15, 'B-Max'),
(316, 15, 'Bronco'),
(317, 15, 'C-Max'),
(318, 15, 'Cougar'),
(319, 15, 'Courier'),
(320, 15, 'Crown Victoria'),
(321, 15, 'EcoSport'),
(322, 15, 'Econoline'),
(323, 15, 'Econovan'),
(324, 15, 'Edge'),
(325, 15, 'Escape'),
(326, 15, 'Escort'),
(327, 15, 'Excursion'),
(328, 15, 'Expedition'),
(329, 15, 'Explorer'),
(330, 15, 'F-Series'),
(331, 15, 'Festiva'),
(332, 15, 'Fiesta'),
(333, 15, 'Focus'),
(334, 15, 'Freestyle'),
(335, 15, 'Fusion'),
(336, 15, 'Fusion (North America)'),
(337, 15, 'Galaxy'),
(338, 15, 'Granada'),
(339, 15, 'KA'),
(340, 15, 'Kuga'),
(341, 15, 'Maverick'),
(342, 15, 'Mondeo'),
(343, 15, 'Mustang'),
(344, 15, 'Orion'),
(345, 15, 'Probe'),
(346, 15, 'Ranger'),
(347, 15, 'S-Max'),
(348, 15, 'Scorpio'),
(349, 15, 'Sierra'),
(350, 15, 'Taurus'),
(351, 15, 'Tempo'),
(352, 15, 'Tourneo Connect'),
(353, 15, 'Tourneo Custom'),
(354, 15, 'Transit'),
(355, 15, 'Transit Connect'),
(356, 15, 'Windstar'),
(357, 16, 'Atlas'),
(358, 16, 'CK'),
(359, 16, 'Emgrand 7'),
(360, 16, 'Emgrand EC7'),
(361, 16, 'Emgrand X7'),
(362, 16, 'FC'),
(363, 16, 'GC6'),
(364, 16, 'GC7'),
(365, 16, 'MK'),
(366, 16, 'SC7'),
(367, 17, 'F7'),
(368, 17, 'F7x'),
(369, 17, 'H6'),
(370, 17, 'H9'),
(371, 17, 'Jolion'),
(372, 18, 'Accord'),
(373, 18, 'Airwave'),
(374, 18, 'Ascot'),
(375, 18, 'Avancier'),
(376, 18, 'CR-V'),
(377, 18, 'CR-X'),
(378, 18, 'CR-Z'),
(379, 18, 'Capa'),
(380, 18, 'Civic'),
(381, 18, 'Concerto'),
(382, 18, 'Crossroad'),
(383, 18, 'Crosstour'),
(384, 18, 'Domani'),
(385, 18, 'Element'),
(386, 18, 'Elysion'),
(387, 18, 'FR-V'),
(388, 18, 'Fit'),
(389, 18, 'Fit Aria'),
(390, 18, 'Freed'),
(391, 18, 'Freed Spike'),
(392, 18, 'HR-V'),
(393, 18, 'Insight'),
(394, 18, 'Inspire'),
(395, 18, 'Integra'),
(396, 18, 'Jazz'),
(397, 18, 'Legend'),
(398, 18, 'Logo'),
(399, 18, 'Mobilio'),
(400, 18, 'Odyssey'),
(401, 18, 'Orthia'),
(402, 18, 'Partner'),
(403, 18, 'Pilot'),
(404, 18, 'Prelude'),
(405, 18, 'Rafaga'),
(406, 18, 'Ridgeline'),
(407, 18, 'S-MX'),
(408, 18, 'Saber'),
(409, 18, 'Shuttle'),
(410, 18, 'Stepwgn'),
(411, 18, 'Stream'),
(412, 18, 'Today'),
(413, 18, 'Torneo'),
(414, 18, 'Zest'),
(415, 19, 'H1'),
(416, 19, 'H2'),
(417, 19, 'H3'),
(418, 20, 'Accent'),
(419, 20, 'Atos'),
(420, 20, 'Avante'),
(421, 20, 'Azera'),
(422, 20, 'Click'),
(423, 20, 'Coupe'),
(424, 20, 'Creta'),
(425, 20, 'Elantra'),
(426, 20, 'Entourage'),
(427, 20, 'Equus'),
(428, 20, 'Excel'),
(429, 20, 'Galloper'),
(430, 20, 'Genesis'),
(431, 20, 'Genesis Coupe'),
(432, 20, 'Getz'),
(433, 20, 'Grace'),
(434, 20, 'Grandeur'),
(435, 20, 'H 100'),
(436, 20, 'H-1'),
(437, 20, 'Kona'),
(438, 20, 'Lantra'),
(439, 20, 'Lavita'),
(440, 20, 'Marcia'),
(441, 20, 'Matrix'),
(442, 20, 'Maxcruz'),
(443, 20, 'Palisade'),
(444, 20, 'Pony'),
(445, 20, 'Porter'),
(446, 20, 'Santa Fe'),
(447, 20, 'Santamo'),
(448, 20, 'Solaris'),
(449, 20, 'Sonata'),
(450, 20, 'Starex'),
(451, 20, 'Terracan'),
(452, 20, 'Tiburon'),
(453, 20, 'Trajet'),
(454, 20, 'Tucson'),
(455, 20, 'Tuscani'),
(456, 20, 'Veloster'),
(457, 20, 'Venue'),
(458, 20, 'Veracruz'),
(459, 20, 'Verna'),
(460, 20, 'XG'),
(461, 20, 'i10'),
(462, 20, 'i20'),
(463, 20, 'i30'),
(464, 20, 'i40'),
(465, 20, 'ix35'),
(466, 20, 'ix55'),
(467, 21, 'EX (Все)'),
(468, 21, 'EX25'),
(469, 21, 'EX35'),
(470, 21, 'EX37'),
(471, 21, 'FX (Все)'),
(472, 21, 'FX35'),
(473, 21, 'FX37'),
(474, 21, 'FX45'),
(475, 21, 'FX50'),
(476, 21, 'G (Все)'),
(477, 21, 'G20'),
(478, 21, 'G25'),
(479, 21, 'G35'),
(480, 21, 'G37'),
(481, 21, 'I (Все)'),
(482, 21, 'I30'),
(483, 21, 'I35'),
(484, 21, 'J30'),
(485, 21, 'M (Все)'),
(486, 21, 'M35'),
(487, 21, 'M37'),
(488, 21, 'M45'),
(489, 21, 'Q (Все)'),
(490, 21, 'Q30'),
(491, 21, 'Q40'),
(492, 21, 'Q50'),
(493, 21, 'Q60'),
(494, 21, 'Q70'),
(495, 21, 'QX (Все)'),
(496, 21, 'QX4'),
(497, 21, 'QX30'),
(498, 21, 'QX50'),
(499, 21, 'QX56'),
(500, 21, 'QX60'),
(501, 21, 'QX70'),
(502, 21, 'QX80'),
(503, 22, 'Axiom'),
(504, 22, 'Bighorn'),
(505, 22, 'D-Max'),
(506, 22, 'Midi'),
(507, 22, 'MU'),
(508, 22, 'MU-7'),
(509, 22, 'PickUp'),
(510, 22, 'Rodeo'),
(511, 22, 'Trooper'),
(512, 22, 'VehiCross'),
(513, 22, 'Wizard'),
(514, 23, 'J2'),
(515, 23, 'J5'),
(516, 23, 'J7'),
(517, 23, 'M5'),
(518, 23, 'S1'),
(519, 23, 'S3'),
(520, 23, 'S5'),
(521, 23, 'S7'),
(522, 23, 'T6'),
(523, 24, 'E-Pace'),
(524, 24, 'F-Pace'),
(525, 24, 'F-Type'),
(526, 24, 'I-Pace'),
(527, 24, 'S-Type'),
(528, 24, 'X-Type'),
(529, 24, 'XE'),
(530, 24, 'XF'),
(531, 24, 'XJ'),
(532, 24, 'XK'),
(533, 25, 'Cherokee'),
(534, 25, 'Commander'),
(535, 25, 'Compass'),
(536, 25, 'Gladiator'),
(537, 25, 'Grand Cherokee'),
(538, 25, 'Liberty'),
(539, 25, 'Patriot'),
(540, 25, 'Wrangler'),
(541, 26, 'Avella'),
(542, 26, 'Besta'),
(543, 26, 'Bongo'),
(544, 26, 'Cadenza'),
(545, 26, 'Capital'),
(546, 26, 'Carens'),
(547, 26, 'Carnival'),
(548, 26, 'Cee’d'),
(549, 26, 'Cerato'),
(550, 26, 'Cerato Koup'),
(551, 26, 'Clarus'),
(552, 26, 'Credos'),
(553, 26, 'Forte'),
(554, 26, 'Joice'),
(555, 26, 'K3'),
(556, 26, 'K5'),
(557, 26, 'K7'),
(558, 26, 'K8'),
(559, 26, 'K9'),
(560, 26, 'K900'),
(561, 26, 'Lotze'),
(562, 26, 'Magentis'),
(563, 26, 'Mohave'),
(564, 26, 'Morning'),
(565, 26, 'Niro'),
(566, 26, 'Opirus'),
(567, 26, 'Optima'),
(568, 26, 'Picanto'),
(569, 26, 'Pregio'),
(570, 26, 'Pride'),
(571, 26, 'Quoris'),
(572, 26, 'Ray'),
(573, 26, 'Retona'),
(574, 26, 'Rio'),
(575, 26, 'Rio X-Line'),
(576, 26, 'Rocsta'),
(577, 26, 'Sedona'),
(578, 26, 'Seltos'),
(579, 26, 'Sephia'),
(580, 26, 'Shuma'),
(581, 26, 'Sorento'),
(582, 26, 'Soul'),
(583, 26, 'Spectra'),
(584, 26, 'Sportage'),
(585, 26, 'Stinger'),
(586, 26, 'Stonic'),
(587, 26, 'Telluride'),
(588, 26, 'Venga'),
(589, 26, 'Visto'),
(590, 27, 'Defender'),
(591, 27, 'Discovery'),
(592, 27, 'Discovery Sport'),
(593, 27, 'Range Rover Evoque'),
(594, 27, 'Freelander'),
(595, 27, 'Range Rover'),
(596, 27, 'Range Rover Sport'),
(597, 27, 'Range Rover Velar'),
(598, 28, 'CT-Series'),
(599, 28, 'CT 200h'),
(600, 28, 'ES-Series'),
(601, 28, 'ES 300'),
(602, 28, 'ES 200'),
(603, 28, 'ES 250'),
(604, 28, 'ES 300h'),
(605, 28, 'ES 330'),
(606, 28, 'ES 350'),
(607, 28, 'GS-Series'),
(608, 28, 'GS 250'),
(609, 28, 'GS 300'),
(610, 28, 'GS 350'),
(611, 28, 'GS 430'),
(612, 28, 'GS 450h'),
(613, 28, 'GS 460'),
(614, 28, 'GS-F'),
(615, 28, 'GX-Series'),
(616, 28, 'GX 460'),
(617, 28, 'GX 470'),
(618, 28, 'HS 250h'),
(619, 28, 'IS-Series'),
(620, 28, 'IS 200'),
(621, 28, 'IS 250'),
(622, 28, 'IS 300'),
(623, 28, 'IS 350'),
(624, 28, 'IS-F'),
(625, 28, 'LS-Series'),
(626, 28, 'LS 400'),
(627, 28, 'LS 430'),
(628, 28, 'LS 460'),
(629, 28, 'LS 500'),
(630, 28, 'LS 600h'),
(631, 28, 'LX-Series'),
(632, 28, 'LX 450'),
(633, 28, 'LX 450d'),
(634, 28, 'LX 470'),
(635, 28, 'LX 570'),
(636, 28, 'NX-Series'),
(637, 28, 'NX 200'),
(638, 28, 'NX 200t'),
(639, 28, 'NX 300'),
(640, 28, 'NX 300h'),
(641, 28, 'RC-Series'),
(642, 28, 'RC 200t'),
(643, 28, 'RC 300'),
(644, 28, 'RC 350'),
(645, 28, 'RC-F'),
(646, 28, 'RX-Series'),
(647, 28, 'RX 200t'),
(648, 28, 'RX 270'),
(649, 28, 'RX 300'),
(650, 28, 'RX 330'),
(651, 28, 'RX 350'),
(652, 28, 'RX 400h'),
(653, 28, 'RX 450h'),
(654, 28, 'SC-Series'),
(655, 28, 'SC 430'),
(656, 28, 'UX-Series'),
(657, 28, 'UX 200'),
(658, 29, 'Breez'),
(659, 29, 'Cebrium'),
(660, 29, 'Celliya'),
(661, 29, 'Murman'),
(662, 29, 'Myway'),
(663, 29, 'Smily'),
(664, 29, 'Solano'),
(665, 29, 'X50'),
(666, 29, 'X60'),
(667, 29, 'X70'),
(668, 30, 'Aviator'),
(669, 30, 'Mark VIII'),
(670, 30, 'Navigator'),
(671, 30, 'Town Car'),
(672, 31, '2'),
(673, 31, '3'),
(674, 31, '5'),
(675, 31, '6'),
(676, 31, '121'),
(677, 31, '323'),
(678, 31, '626'),
(679, 31, '929'),
(680, 31, 'Atenza'),
(681, 31, 'Axela'),
(682, 31, 'BT-50'),
(683, 31, 'Bongo'),
(684, 31, 'Bongo Friendee'),
(685, 31, 'CX-3'),
(686, 31, 'CX-30'),
(687, 31, 'CX-5'),
(688, 31, 'CX-7'),
(689, 31, 'CX-9'),
(690, 31, 'Capella'),
(691, 31, 'Cronos'),
(692, 31, 'Demio'),
(693, 31, 'Efini MS-8'),
(694, 31, 'Eunos 500'),
(695, 31, 'Eunos 800'),
(696, 31, 'Familia'),
(697, 31, 'Lantis'),
(698, 31, 'MPV'),
(699, 31, 'MX3'),
(700, 31, 'MX6'),
(701, 31, 'Millenia'),
(702, 31, 'Premacy'),
(703, 31, 'Proceed'),
(704, 31, 'Proceed Marvie'),
(705, 31, 'Protege'),
(706, 31, 'RX7'),
(707, 31, 'RX8'),
(708, 31, 'Sentia'),
(709, 31, 'Tribute'),
(710, 31, 'Xedos 6'),
(711, 31, 'Xedos 9'),
(712, 32, '190'),
(713, 32, 'AMG GT'),
(714, 32, 'A-Class'),
(715, 32, 'A 140'),
(716, 32, 'A 150'),
(717, 32, 'A 160'),
(718, 32, 'A 170'),
(719, 32, 'A 180'),
(720, 32, 'A 190'),
(721, 32, 'A 200'),
(722, 32, 'A 45 AMG'),
(723, 32, 'B-Class'),
(724, 32, 'B 160'),
(725, 32, 'B 170'),
(726, 32, 'B 180'),
(727, 32, 'B 200'),
(728, 32, 'C-Class'),
(729, 32, 'C 160'),
(730, 32, 'C 180'),
(731, 32, 'C 200'),
(732, 32, 'C 220'),
(733, 32, 'C 230'),
(734, 32, 'C 240'),
(735, 32, 'C 250'),
(736, 32, 'C 270'),
(737, 32, 'C 280'),
(738, 32, 'C 300'),
(739, 32, 'C 32 AMG'),
(740, 32, 'C 320'),
(741, 32, 'C 350'),
(742, 32, 'C 36 AMG'),
(743, 32, 'C 43 AMG'),
(744, 32, 'C 55 AMG'),
(745, 32, 'CE-Class'),
(746, 32, 'CE 220'),
(747, 32, 'CE 230'),
(748, 32, 'CL-Class'),
(749, 32, 'CL 500'),
(750, 32, 'CL 550'),
(751, 32, 'CL 55 AMG'),
(752, 32, 'CL 600'),
(753, 32, 'CL 63 AMG'),
(754, 32, 'CL 65 AMG'),
(755, 32, 'CLA-Class'),
(756, 32, 'CLA 180'),
(757, 32, 'CLA 200'),
(758, 32, 'CLA 220'),
(759, 32, 'CLA 250'),
(760, 32, 'CLA 35 AMG'),
(761, 32, 'CLA 45 AMG'),
(762, 32, 'CLC-Class'),
(763, 32, 'CLC 230'),
(764, 32, 'CLK-Class'),
(765, 32, 'CLK 200'),
(766, 32, 'CLK 230'),
(767, 32, 'CLK 240'),
(768, 32, 'CLK 280'),
(769, 32, 'CLK 320'),
(770, 32, 'CLK 350'),
(771, 32, 'CLK 430'),
(772, 32, 'CLK 55 AMG'),
(773, 32, 'CLS-Class'),
(774, 32, 'CLS 280'),
(775, 32, 'CLS 350'),
(776, 32, 'CLS 400'),
(777, 32, 'CLS 450'),
(778, 32, 'CLS 500'),
(779, 32, 'CLS 550'),
(780, 32, 'CLS 55 AMG'),
(781, 32, 'CLS 63 AMG'),
(782, 32, 'CLS 53 AMG'),
(783, 32, 'E-Class'),
(784, 32, 'E 200'),
(785, 32, 'E 220'),
(786, 32, 'E 230'),
(787, 32, 'E 240'),
(788, 32, 'E 250'),
(789, 32, 'E 260'),
(790, 32, 'E 270'),
(791, 32, 'E 280'),
(792, 32, 'E 290'),
(793, 32, 'E 300'),
(794, 32, 'E 320'),
(795, 32, 'E 350'),
(796, 32, 'E 400'),
(797, 32, 'E 420'),
(798, 32, 'E 430'),
(799, 32, 'E 43 AMG'),
(800, 32, 'E 450'),
(801, 32, 'E 500'),
(802, 32, 'E 550'),
(803, 32, 'E 53 AMG'),
(804, 32, 'E 55 AMG'),
(805, 32, 'E 63 AMG'),
(806, 32, 'G-Class'),
(807, 32, 'G 230'),
(808, 32, 'G 270'),
(809, 32, 'G 280'),
(810, 32, 'G 300'),
(811, 32, 'G 320'),
(812, 32, 'G 350'),
(813, 32, 'G 400'),
(814, 32, 'G 500'),
(815, 32, 'G 550'),
(816, 32, 'G 55 AMG'),
(817, 32, 'G 63 AMG'),
(818, 32, 'GL-Class'),
(819, 32, 'GL 320'),
(820, 32, 'GL 350'),
(821, 32, 'GL 400'),
(822, 32, 'GL 420'),
(823, 32, 'GL 450'),
(824, 32, 'GL 500'),
(825, 32, 'GL 550'),
(826, 32, 'GL 55 AMG'),
(827, 32, 'GL 63 AMG'),
(828, 32, 'GLA-Class'),
(829, 32, 'GLA 200'),
(830, 32, 'GLA 250'),
(831, 32, 'GLA 45 AMG'),
(832, 32, 'GLB-Class'),
(833, 32, 'GLB 200'),
(834, 32, 'GLB 250'),
(835, 32, 'GLC-Class'),
(836, 32, 'GLC 200'),
(837, 32, 'GLC 250'),
(838, 32, 'GLC 300'),
(839, 32, 'GLC-Coupe'),
(840, 32, 'GLC Coupe 250'),
(841, 32, 'GLC Coupe 300'),
(842, 32, 'GLE-Class'),
(843, 32, 'GLE 400'),
(844, 32, 'GLE 43 AMG'),
(845, 32, 'GLE 450'),
(846, 32, 'GLE 53 AMG'),
(847, 32, 'GLE 63 AMG'),
(848, 32, 'GLE-Coupe'),
(849, 32, 'GLE Coupe 350d'),
(850, 32, 'GLE Coupe 400'),
(851, 32, 'GLE Coupe 43 AMG'),
(852, 32, 'GLE Coupe 450 AMG'),
(853, 32, 'GLE Coupe 53 AMG'),
(854, 32, 'GLE Coupe 63 AMG'),
(855, 32, 'GLK-Class'),
(856, 32, 'GLK 220'),
(857, 32, 'GLK 250'),
(858, 32, 'GLK 280'),
(859, 32, 'GLK 300'),
(860, 32, 'GLK 350'),
(861, 32, 'GLS-Class'),
(862, 32, 'GLS 350d'),
(863, 32, 'GLS 400'),
(864, 32, 'GLS 450'),
(865, 32, 'GLS 500'),
(866, 32, 'GLS 580'),
(867, 32, 'GLS 63 AMG'),
(868, 32, 'MB 100'),
(869, 32, 'M-Class'),
(870, 32, 'ML 230'),
(871, 32, 'ML 270'),
(872, 32, 'ML 300'),
(873, 32, 'ML 320'),
(874, 32, 'ML 350'),
(875, 32, 'ML 400'),
(876, 32, 'ML 430'),
(877, 32, 'ML 500'),
(878, 32, 'ML 550'),
(879, 32, 'ML 55 AMG'),
(880, 32, 'ML 63 AMG'),
(881, 32, 'R-Class'),
(882, 32, 'R 320'),
(883, 32, 'R 350'),
(884, 32, 'R 500'),
(885, 32, 'R 63 AMG'),
(886, 32, 'S-Class'),
(887, 32, 'S 220'),
(888, 32, 'S 260'),
(889, 32, 'S 280'),
(890, 32, 'S 300'),
(891, 32, 'S 320'),
(892, 32, 'S 350'),
(893, 32, 'S 380'),
(894, 32, 'S 400'),
(895, 32, 'S 420'),
(896, 32, 'S 430'),
(897, 32, 'S 450'),
(898, 32, 'S 500'),
(899, 32, 'S 55'),
(900, 32, 'S 550'),
(901, 32, 'S 560'),
(902, 32, 'S 600'),
(903, 32, 'S 63 AMG'),
(904, 32, 'S 65 AMG'),
(905, 32, 'SL-Class'),
(906, 32, 'SL 500'),
(907, 32, 'SL 55 AMG'),
(908, 32, 'SL 60 AMG'),
(909, 32, 'SLK-Class'),
(910, 32, 'SLK 200'),
(911, 32, 'SLK 230'),
(912, 32, 'SLK 250'),
(913, 32, 'SLK 32 AMG'),
(914, 32, 'SLK 350'),
(915, 32, 'SEC 500 AMG'),
(916, 32, 'SLS AMG'),
(917, 32, 'Sprinter'),
(918, 32, 'V-Class'),
(919, 32, 'V 200'),
(920, 32, 'V 220'),
(921, 32, 'V 250'),
(922, 32, 'Vaneo'),
(923, 32, 'Vario'),
(924, 32, 'Viano'),
(925, 32, 'Vito'),
(926, 32, 'X-Class'),
(927, 32, 'X 250'),
(928, 33, 'Cabrio'),
(929, 33, 'Clubman'),
(930, 33, 'Clubvan'),
(931, 33, 'Countryman'),
(932, 33, 'Coupe'),
(933, 33, 'Hatch'),
(934, 33, 'Paceman'),
(935, 34, 'ASX'),
(936, 34, 'Airtrek'),
(937, 34, 'Aspire'),
(938, 34, 'Carisma'),
(939, 34, 'Challenger'),
(940, 34, 'Chariot'),
(941, 34, 'Colt'),
(942, 34, 'Delica'),
(943, 34, 'Delica D:5'),
(944, 34, 'Diamante'),
(945, 34, 'Dingo'),
(946, 34, 'Eclipse'),
(947, 34, 'Eclipse Cross'),
(948, 34, 'Emeraude'),
(949, 34, 'Endeavor'),
(950, 34, 'Eterna'),
(951, 34, 'FTO'),
(952, 34, 'GTO'),
(953, 34, 'Galant'),
(954, 34, 'Grandis'),
(955, 34, 'L200'),
(956, 34, 'L300'),
(957, 34, 'L400'),
(958, 34, 'Lancer'),
(959, 34, 'Lancer Evolution'),
(960, 34, 'Legnum'),
(961, 34, 'Libero'),
(962, 34, 'Mirage'),
(963, 34, 'Montero'),
(964, 34, 'Montero Sport'),
(965, 34, 'Nativa'),
(966, 34, 'Outlander'),
(967, 34, 'Pajero'),
(968, 34, 'Pajero Evolution'),
(969, 34, 'Pajero IO'),
(970, 34, 'Pajero Junior'),
(971, 34, 'Pajero Mini'),
(972, 34, 'Pajero Pinin'),
(973, 34, 'Pajero Sport'),
(974, 34, 'RVR'),
(975, 34, 'Sigma'),
(976, 34, 'Space Gear'),
(977, 34, 'Space Runner'),
(978, 34, 'Space Star'),
(979, 34, 'Space Wagon'),
(980, 34, 'Xpander'),
(981, 35, '100NX'),
(982, 35, '200SX'),
(983, 35, '300ZX'),
(984, 35, '350Z'),
(985, 35, 'AD'),
(986, 35, 'Almera'),
(987, 35, 'Almera Classic'),
(988, 35, 'Almera Tino'),
(989, 35, 'Altima'),
(990, 35, 'Armada'),
(991, 35, 'Avenir'),
(992, 35, 'Bassara'),
(993, 35, 'Bluebird'),
(994, 35, 'Caravan'),
(995, 35, 'Cedric'),
(996, 35, 'Cefiro'),
(997, 35, 'Cube'),
(998, 35, 'DAYZ'),
(999, 35, 'Datsun'),
(1000, 35, 'Elgrand'),
(1001, 35, 'Frontier'),
(1002, 35, 'Fuga'),
(1003, 35, 'GT-R'),
(1004, 35, 'Gloria'),
(1005, 35, 'Homy'),
(1006, 35, 'Juke'),
(1007, 35, 'Lafesta'),
(1008, 35, 'Largo'),
(1009, 35, 'Laurel'),
(1010, 35, 'Leaf'),
(1011, 35, 'Leopard'),
(1012, 35, 'Liberty'),
(1013, 35, 'Lucino'),
(1014, 35, 'March'),
(1015, 35, 'Maxima'),
(1016, 35, 'Micra'),
(1017, 35, 'Mistral'),
(1018, 35, 'Moco'),
(1019, 35, 'Murano'),
(1020, 35, 'NP300'),
(1021, 35, 'Navara'),
(1022, 35, 'Note'),
(1023, 35, 'Pathfinder'),
(1024, 35, 'Patrol'),
(1025, 35, 'Pixo'),
(1026, 35, 'Prairie'),
(1027, 35, 'Prairie Joy'),
(1028, 35, 'Presage'),
(1029, 35, 'Presea'),
(1030, 35, 'Primera'),
(1031, 35, 'Pulsar'),
(1032, 35, 'Qashqai'),
(1033, 35, 'Quest'),
(1034, 35, 'R\'nessa'),
(1035, 35, 'Rasheen'),
(1036, 35, 'Rogue'),
(1037, 35, 'Safari'),
(1038, 35, 'Sentra'),
(1039, 35, 'Serena'),
(1040, 35, 'Silvia'),
(1041, 35, 'Skyline'),
(1042, 35, 'Stagea'),
(1043, 35, 'Sunny'),
(1044, 35, 'Teana'),
(1045, 35, 'Terrano'),
(1046, 35, 'Terrano II'),
(1047, 35, 'Tiida'),
(1048, 35, 'Tino'),
(1049, 35, 'Titan'),
(1050, 35, 'Urvan'),
(1051, 35, 'Vanette'),
(1052, 35, 'Versa'),
(1053, 35, 'Wingroad'),
(1054, 35, 'X-Terra'),
(1055, 35, 'X-Trail'),
(1056, 35, 'Xterra'),
(1057, 36, 'Agila'),
(1058, 36, 'Antara'),
(1059, 36, 'Ascona'),
(1060, 36, 'Astra'),
(1061, 36, 'Calibra'),
(1062, 36, 'Combo'),
(1063, 36, 'Corsa'),
(1064, 36, 'Frontera'),
(1065, 36, 'Insignia'),
(1066, 36, 'Kadett'),
(1067, 36, 'Meriva'),
(1068, 36, 'Mokka'),
(1069, 36, 'Monterey'),
(1070, 36, 'Movano'),
(1071, 36, 'Omega'),
(1072, 36, 'Rekord'),
(1073, 36, 'Signum'),
(1074, 36, 'Sintra'),
(1075, 36, 'Tigra'),
(1076, 36, 'Vectra'),
(1077, 36, 'Vita'),
(1078, 36, 'Vivaro'),
(1079, 36, 'Zafira'),
(1080, 37, '107'),
(1081, 37, '206'),
(1082, 37, '207'),
(1083, 37, '301'),
(1084, 37, '306'),
(1085, 37, '307'),
(1086, 37, '308'),
(1087, 37, '405'),
(1088, 37, '406'),
(1089, 37, '407'),
(1090, 37, '408'),
(1091, 37, '508'),
(1092, 37, '605'),
(1093, 37, '607'),
(1094, 37, '806'),
(1095, 37, '807'),
(1096, 37, '2008'),
(1097, 37, '3008'),
(1098, 37, '4007'),
(1099, 37, 'Boxer'),
(1100, 37, 'Partner'),
(1101, 37, 'RCZ'),
(1102, 38, '911'),
(1103, 38, '924'),
(1104, 38, '944'),
(1105, 38, 'Boxster'),
(1106, 38, 'Cayenne'),
(1107, 38, 'Cayenne Coupe'),
(1108, 38, 'Cayman'),
(1109, 38, 'Macan'),
(1110, 38, 'Panamera'),
(1111, 38, 'Taycan'),
(1112, 39, 'Gentra'),
(1113, 39, 'Nexia R3'),
(1114, 39, 'R2'),
(1115, 39, 'R4'),
(1116, 40, '9'),
(1117, 40, '19'),
(1118, 40, '21'),
(1119, 40, '25'),
(1120, 40, 'Arkana'),
(1121, 40, 'Captur'),
(1122, 40, 'Clio'),
(1123, 40, 'Dokker'),
(1124, 40, 'Duster'),
(1125, 40, 'Espace'),
(1126, 40, 'Fluence'),
(1127, 40, 'Grand Scenic'),
(1128, 40, 'Kangoo'),
(1129, 40, 'Kaptur'),
(1130, 40, 'Koleos'),
(1131, 40, 'Laguna'),
(1132, 40, 'Latitude'),
(1133, 40, 'Logan'),
(1134, 40, 'Logan Stepway'),
(1135, 40, 'Master'),
(1136, 40, 'Megane'),
(1137, 40, 'Modus'),
(1138, 40, 'Rapid'),
(1139, 40, 'Safrane'),
(1140, 40, 'Sandero'),
(1141, 40, 'Sandero Stepway'),
(1142, 40, 'Scenic'),
(1143, 40, 'Symbol'),
(1144, 40, 'Trafic'),
(1145, 40, 'Twizy'),
(1146, 40, 'Vel Satis'),
(1147, 41, 'Alhambra'),
(1148, 41, 'Arosa'),
(1149, 41, 'Cordoba'),
(1150, 41, 'Ibiza'),
(1151, 41, 'Leon'),
(1152, 41, 'Toledo'),
(1153, 42, 'Fabia'),
(1154, 42, 'Favorit'),
(1155, 42, 'Felicia'),
(1156, 42, 'Forman'),
(1157, 42, 'Kodiaq'),
(1158, 42, 'Octavia'),
(1159, 42, 'Rapid'),
(1160, 42, 'Roomster'),
(1161, 42, 'Superb'),
(1162, 42, 'Yeti'),
(1163, 43, 'Actyon'),
(1164, 43, 'Actyon Sports'),
(1165, 43, 'Chairman'),
(1166, 43, 'Istana'),
(1167, 43, 'Korando'),
(1168, 43, 'Korando Family'),
(1169, 43, 'Kyron'),
(1170, 43, 'Musso'),
(1171, 43, 'Musso Sport'),
(1172, 43, 'Nomad'),
(1173, 43, 'Rexton'),
(1174, 43, 'Rodius'),
(1175, 43, 'Stavic'),
(1176, 43, 'Tivoli'),
(1177, 44, 'Ascent'),
(1178, 44, 'BRZ'),
(1179, 44, 'Baja'),
(1180, 44, 'Exiga'),
(1181, 44, 'Forester'),
(1182, 44, 'Impreza'),
(1183, 44, 'Impreza WRX'),
(1184, 44, 'Impreza WRX STi'),
(1185, 44, 'Impreza XV'),
(1186, 44, 'Justy'),
(1187, 44, 'Legacy'),
(1188, 44, 'Legacy Lancaster'),
(1189, 44, 'Leone'),
(1190, 44, 'Levorg'),
(1191, 44, 'Libero'),
(1192, 44, 'Outback'),
(1193, 44, 'Tribeca'),
(1194, 44, 'WRX'),
(1195, 44, 'WRX STi'),
(1196, 44, 'XV'),
(1197, 45, 'Aerio'),
(1198, 45, 'Alto'),
(1199, 45, 'Baleno'),
(1200, 45, 'Cultus'),
(1201, 45, 'Ertiga'),
(1202, 45, 'Escudo'),
(1203, 45, 'Forenza'),
(1204, 45, 'Grand Vitara'),
(1205, 45, 'Ignis'),
(1206, 45, 'Jimny'),
(1207, 45, 'Kizashi'),
(1208, 45, 'Liana'),
(1209, 45, 'SX4'),
(1210, 45, 'Samurai'),
(1211, 45, 'Solio'),
(1212, 45, 'Splash'),
(1213, 45, 'Swift'),
(1214, 45, 'Verona'),
(1215, 45, 'Vitara'),
(1216, 45, 'Wagon R'),
(1217, 45, 'XL7'),
(1218, 46, 'Model S'),
(1219, 46, 'Model X'),
(1220, 46, 'Model 3'),
(1221, 46, 'Model Y'),
(1222, 47, '4Runner'),
(1223, 47, 'Allex'),
(1224, 47, 'Allion'),
(1225, 47, 'Alphard'),
(1226, 47, 'Altezza'),
(1227, 47, 'Aqua'),
(1228, 47, 'Aristo'),
(1229, 47, 'Aurion'),
(1230, 47, 'Auris'),
(1231, 47, 'Avalon'),
(1232, 47, 'Avensis'),
(1233, 47, 'Avensis Verso'),
(1234, 47, 'Aygo'),
(1235, 47, 'Blade'),
(1236, 47, 'Brevis'),
(1237, 47, 'C-HR'),
(1238, 47, 'Caldina'),
(1239, 47, 'Camry'),
(1240, 47, 'Camry Gracia'),
(1241, 47, 'Camry Lumiere'),
(1242, 47, 'Carina'),
(1243, 47, 'Carina E'),
(1244, 47, 'Carina ED'),
(1245, 47, 'Carina II'),
(1246, 47, 'Cavalier'),
(1247, 47, 'Celica'),
(1248, 47, 'Celsior'),
(1249, 47, 'Century'),
(1250, 47, 'Chaser'),
(1251, 47, 'Corolla'),
(1252, 47, 'Corolla Ceres'),
(1253, 47, 'Corolla Levin'),
(1254, 47, 'Corolla Rumion'),
(1255, 47, 'Corolla Verso'),
(1256, 47, 'Corona'),
(1257, 47, 'Corona Exiv'),
(1258, 47, 'Corsa'),
(1259, 47, 'Cresta'),
(1260, 47, 'Crown'),
(1261, 47, 'Crown Majesta'),
(1262, 47, 'Curren'),
(1263, 47, 'Cynos'),
(1264, 47, 'Duet'),
(1265, 47, 'Echo'),
(1266, 47, 'Estima'),
(1267, 47, 'Estima Emina'),
(1268, 47, 'Estima Lucida'),
(1269, 47, 'FJ Cruiser'),
(1270, 47, 'Fortuner'),
(1271, 47, 'Fun Cargo'),
(1272, 47, 'GT86'),
(1273, 47, 'Gaia'),
(1274, 47, 'Granvia'),
(1275, 47, 'Harrier'),
(1276, 47, 'HiAce'),
(1277, 47, 'HiAce Regius'),
(1278, 47, 'Highlander'),
(1279, 47, 'Hilux'),
(1280, 47, 'Hilux Surf'),
(1281, 47, 'Innova'),
(1282, 47, 'Ipsum'),
(1283, 47, 'Isis'),
(1284, 47, 'Kluger'),
(1285, 47, 'Land Cruiser'),
(1286, 47, 'Land Cruiser 70'),
(1287, 47, 'Land Cruiser Prado'),
(1288, 47, 'Lite Ace'),
(1289, 47, 'MR 2'),
(1290, 47, 'Mark II'),
(1291, 47, 'Mark II Qualis'),
(1292, 47, 'Mark X'),
(1293, 47, 'Mark X Zio'),
(1294, 47, 'Matrix'),
(1295, 47, 'Mirai'),
(1296, 47, 'Model F'),
(1297, 47, 'Nadia'),
(1298, 47, 'Noah'),
(1299, 47, 'Opa'),
(1300, 47, 'Paseo'),
(1301, 47, 'Passo'),
(1302, 47, 'Picnic'),
(1303, 47, 'Platz'),
(1304, 47, 'Premio'),
(1305, 47, 'Previa'),
(1306, 47, 'Prius'),
(1307, 47, 'Probox'),
(1308, 47, 'Progres'),
(1309, 47, 'RAV 4'),
(1310, 47, 'Raum'),
(1311, 47, 'Rush'),
(1312, 47, 'Scepter'),
(1313, 47, 'Sequoia'),
(1314, 47, 'Sera'),
(1315, 47, 'Sienna'),
(1316, 47, 'Soarer'),
(1317, 47, 'Solara'),
(1318, 47, 'Spacio'),
(1319, 47, 'Sprinter'),
(1320, 47, 'Sprinter Carib'),
(1321, 47, 'Sprinter Marino'),
(1322, 47, 'Sprinter Trueno'),
(1323, 47, 'Starlet'),
(1324, 47, 'Succeed'),
(1325, 47, 'Supra'),
(1326, 47, 'Tacoma'),
(1327, 47, 'Tercel'),
(1328, 47, 'Town Ace'),
(1329, 47, 'Town Ace Noah'),
(1330, 47, 'Tundra'),
(1331, 47, 'Urban Cruiser'),
(1332, 47, 'Vellfire'),
(1333, 47, 'Venza'),
(1334, 47, 'Verossa'),
(1335, 47, 'Verso'),
(1336, 47, 'Vista'),
(1337, 47, 'Vista Ardeo'),
(1338, 47, 'Vitz'),
(1339, 47, 'Voxy'),
(1340, 47, 'Will'),
(1341, 47, 'Windom'),
(1342, 47, 'Wish'),
(1343, 47, 'Yaris'),
(1344, 47, 'Yaris Verso'),
(1345, 47, 'bB'),
(1346, 48, 'Amarok'),
(1347, 48, 'Arteon'),
(1348, 48, 'Beetle'),
(1349, 48, 'Bora'),
(1350, 48, 'Caddy'),
(1351, 48, 'Caravelle'),
(1352, 48, 'Crafter'),
(1353, 48, 'Eos'),
(1354, 48, 'Eurovan'),
(1355, 48, 'Fox'),
(1356, 48, 'Gol'),
(1357, 48, 'Golf'),
(1358, 48, 'Golf Country'),
(1359, 48, 'Golf Plus'),
(1360, 48, 'ID.4'),
(1361, 48, 'Jetta'),
(1362, 48, 'LT'),
(1363, 48, 'Lupo'),
(1364, 48, 'Multivan'),
(1365, 48, 'Passat'),
(1366, 48, 'Passat CC'),
(1367, 48, 'Phaeton'),
(1368, 48, 'Pointer'),
(1369, 48, 'Polo'),
(1370, 48, 'Routan'),
(1371, 48, 'Santana'),
(1372, 48, 'Scirocco'),
(1373, 48, 'Sharan'),
(1374, 48, 'Taos'),
(1375, 48, 'Teramont'),
(1376, 48, 'Tiguan'),
(1377, 48, 'Touareg'),
(1378, 48, 'Touran'),
(1379, 48, 'Transporter'),
(1380, 48, 'Vento'),
(1381, 49, '200 Series'),
(1382, 49, '440'),
(1383, 49, '460'),
(1384, 49, '740'),
(1385, 49, '760'),
(1386, 49, '850'),
(1387, 49, '940'),
(1388, 49, '960'),
(1389, 49, 'C30'),
(1390, 49, 'C70'),
(1391, 49, 'S40'),
(1392, 49, 'S60'),
(1393, 49, 'S70'),
(1394, 49, 'S80'),
(1395, 49, 'S90'),
(1396, 49, 'V40'),
(1397, 49, 'V70'),
(1398, 49, 'V90'),
(1399, 49, 'XC60'),
(1400, 49, 'XC70'),
(1401, 49, 'XC90'),
(1402, 50, 'Жигули'),
(1403, 50, '2101'),
(1404, 50, '2102'),
(1405, 50, '2103'),
(1406, 50, '2104'),
(1407, 50, '2105'),
(1408, 50, '2106'),
(1409, 50, '2107'),
(1410, 50, 'Лада Самара (Спутник)'),
(1411, 50, '2108 (хэтчбек)'),
(1412, 50, '2109 (хэтчбек)'),
(1413, 50, '21099 (седан)'),
(1414, 50, 'Лада Самара 2'),
(1415, 50, '2113 (хэтчбек)'),
(1416, 50, '2114 (хэтчбек)'),
(1417, 50, '2115 (седан)'),
(1418, 50, 'LADA 110'),
(1419, 50, '2110 (седан)'),
(1420, 50, '21106 (седан)'),
(1421, 50, '2111 (универсал)'),
(1422, 50, '2112 (хэтчбек)'),
(1423, 50, 'LADA Priora'),
(1424, 50, 'Priora 2170 (седан)'),
(1425, 50, 'Priora 2171 (универсал)'),
(1426, 50, 'Priora 2172 (хэтчбек)'),
(1427, 50, 'LADA Kalina'),
(1428, 50, 'Kalina 1117 (универсал)'),
(1429, 50, 'Kalina 1118 (седан)'),
(1430, 50, 'Kalina 1119 (хэтчбек)'),
(1431, 50, 'LADA Kalina 2'),
(1432, 50, 'Kalina 2192 (хэтчбек)'),
(1433, 50, 'Kalina 2194 (универсал)'),
(1434, 50, 'LADA Granta'),
(1435, 50, 'Granta 2190 (седан)'),
(1436, 50, 'Granta 2191 (лифтбек)'),
(1437, 50, 'Granta 2192 (хэтчбек)'),
(1438, 50, 'Granta 2194 (универсал)'),
(1439, 50, 'LADA Largus'),
(1440, 50, 'Largus'),
(1441, 50, 'Largus (фургон)'),
(1442, 50, 'Largus Cross'),
(1443, 50, 'Микроавтомобили'),
(1444, 50, '1111 Ока'),
(1445, 50, 'Нива'),
(1446, 50, '2121 Нива'),
(1447, 50, '2123'),
(1448, 50, '2131 (5-ти дверный)'),
(1449, 50, '2329 (пикап)'),
(1450, 50, 'Niva Travel'),
(1451, 50, '2120 Надежда'),
(1452, 50, 'Vesta'),
(1453, 50, 'Vesta Cross'),
(1454, 50, 'XRAY'),
(1455, 50, 'XRAY Cross'),
(1456, 51, '12 ЗиМ'),
(1457, 51, '13 (Чайка)'),
(1458, 51, '20 (Победа)'),
(1459, 51, '21 (Волга)'),
(1460, 51, '22 (Волга)'),
(1461, 51, '2330 (Тигр)'),
(1462, 51, '24 (Волга)'),
(1463, 51, '2410 (Волга)'),
(1464, 51, '3102 (Волга)'),
(1465, 51, '310221 (Волга)'),
(1466, 51, '31029 (Волга)'),
(1467, 51, '3110 (Волга)'),
(1468, 51, '31105 (Волга)'),
(1469, 51, '3111 (Волга)'),
(1470, 51, '67'),
(1471, 51, '69'),
(1472, 51, 'Siber'),
(1473, 51, 'ГАЗель'),
(1474, 51, 'ГАЗель NEXT'),
(1475, 51, 'Соболь'),
(1476, 52, '1102 (Таврия)'),
(1477, 52, '965'),
(1478, 52, '968'),
(1479, 52, 'Chance'),
(1480, 52, 'Forza'),
(1481, 52, 'Sens'),
(1482, 52, 'Vida'),
(1483, 53, '2125 (Комби)'),
(1484, 53, '2126 (Ода)'),
(1485, 53, '2715'),
(1486, 53, '2717'),
(1487, 53, 'Москвич-412'),
(1488, 54, '400'),
(1489, 54, '401'),
(1490, 54, '403'),
(1491, 54, '407'),
(1492, 54, '408'),
(1493, 54, '412'),
(1494, 54, '2141'),
(1495, 54, 'АЗЛК 2136 Комби'),
(1496, 54, 'АЗЛК 2137 Комби'),
(1497, 54, 'АЗЛК 2140'),
(1498, 54, 'Святогор'),
(1499, 55, 'Mercedes-Benz'),
(1500, 55, 'Willys'),
(1501, 55, 'Американские'),
(1502, 55, 'Другие'),
(1503, 55, 'Европейские'),
(1504, 55, 'СССР'),
(1505, 56, '469'),
(1506, 56, 'Буханка'),
(1507, 56, '3151'),
(1508, 56, '3153'),
(1509, 56, '3160'),
(1510, 56, '3162'),
(1511, 56, '3303'),
(1512, 56, 'Cargo'),
(1513, 56, 'Hunter'),
(1514, 56, 'Patriot'),
(1515, 56, 'Pickup'),
(1516, 56, 'Профи');

-- --------------------------------------------------------

--
-- Структура таблицы `categories`
--

CREATE TABLE `categories` (
  `id` int(6) UNSIGNED NOT NULL,
  `name` varchar(255) NOT NULL,
  `url` varchar(40) NOT NULL,
  `title` varchar(100) NOT NULL,
  `description` varchar(100) NOT NULL,
  `keywords` varchar(100) NOT NULL,
  `h1` varchar(60) NOT NULL
) ENGINE=InnoDB DEFAULT CHARSET=utf8;

--
-- Дамп данных таблицы `categories`
--

INSERT INTO `categories` (`id`, `name`, `url`, `title`, `description`, `keywords`, `h1`) VALUES
(1, 'Транспорт', 'transport', 'Куплю или продам транспорт в @place', 'Покупка, продажа и сдача в аренду транспорта в @place', '', 'Транспорт в @place'),
(2, 'Недвижимость', 'nedvizhimost', 'Куплю или продам недвижимость в @place', 'Покупка, продажа и сдача в аренду недвижимости в @place', '', 'Недвижимость в @place'),
(3, 'Электроника', 'elektronika', 'Куплю или продам электронику в @place', 'Покупка, продажа и сдача в аренду электроники в @place', '', 'Электроника в @place'),
(4, 'Работа и бизнес', 'rabota-i-biznes', 'Поиск работы в @place', 'Предложения по работе и бизнесу в @place', '', 'Работа и бизнес в @place'),
(5, 'Для дома и дачи', 'dlya-doma-i-dachi', 'Куплю или продам всё для дома и дачи в @place', 'Покупка, продажа и сдача в аренду товаров для дома и дачи в @place', '', 'Для дома и дачи в @place'),
(6, 'Личные вещи', 'lichnye-veschi', 'Куплю или продам личные вещи в @place', 'Покупка, продажа и сдача в аренду личных вещей в @place', '', 'Личные вещи в @place'),
(7, 'Животные', 'zhivotnye', 'Куплю или продам животное в @place', 'Покупка и продажа животных в @place', '', 'Животные в @place'),
(8, 'Хобби и отдых', 'hobbi-i-otdyh', 'Куплю или продам вещи для хобби и отдыха в @place', 'Покупка, продажа и сдача в аренду вещей для хобби и отдыха в @place', '', 'Хобби и отдых в @place'),
(9, 'Услуги', 'uslugi', 'Окажу услуги в @place', 'Различные услуги в @place', '', 'Услуги в @place'),
(10, 'Знакомства', 'znakomstva', 'Познакомлюсь в @place', 'Знакомства в @place', '', 'Знакомства в @place');

-- --------------------------------------------------------

--
-- Структура таблицы `complaints`
--

CREATE TABLE `complaints` (
  `id` int(10) UNSIGNED NOT NULL,
  `advert_id` int(10) UNSIGNED NOT NULL,
  `user_id` int(10) UNSIGNED DEFAULT NULL,
  `text` varchar(255) CHARACTER SET utf8 NOT NULL,
  `created_at` timestamp NOT NULL DEFAULT current_timestamp(),
  `updated_at` timestamp NOT NULL
) ENGINE=InnoDB DEFAULT CHARSET=utf8mb4 COLLATE=utf8mb4_unicode_ci;

-- --------------------------------------------------------

--
-- Структура таблицы `dealtype`
--

CREATE TABLE `dealtype` (
  `id` int(2) UNSIGNED NOT NULL,
  `deal_name_1` varchar(20) NOT NULL,
  `deal_name_2` varchar(20) NOT NULL
) ENGINE=InnoDB DEFAULT CHARSET=utf8;

--
-- Дамп данных таблицы `dealtype`
--

INSERT INTO `dealtype` (`id`, `deal_name_1`, `deal_name_2`) VALUES
(0, 'Покупка', 'Куплю'),
(1, 'Продажа', 'Продам'),
(2, 'Обмен', 'Обменяю'),
(3, 'Отдам даром', 'Отдам даром'),
(4, 'Сдача в аренду', 'Сдам в аренду'),
(5, 'Сервис / Услуга', 'Сервис / Услуга'),
(6, 'Предложение', 'Предлагаю');

-- --------------------------------------------------------

--
-- Структура таблицы `failed_jobs`
--

CREATE TABLE `failed_jobs` (
  `id` int(10) UNSIGNED NOT NULL,
  `connection` text COLLATE utf8mb4_unicode_ci NOT NULL,
  `queue` text COLLATE utf8mb4_unicode_ci NOT NULL,
  `payload` longtext COLLATE utf8mb4_unicode_ci NOT NULL,
  `exception` longtext COLLATE utf8mb4_unicode_ci NOT NULL,
  `failed_at` timestamp NOT NULL DEFAULT current_timestamp()
) ENGINE=InnoDB DEFAULT CHARSET=utf8mb4 COLLATE=utf8mb4_unicode_ci;

-- --------------------------------------------------------

--
-- Структура таблицы `images`
--

CREATE TABLE `images` (
  `id` int(10) UNSIGNED NOT NULL,
  `advert_id` int(10) UNSIGNED DEFAULT NULL,
  `name` varchar(36) NOT NULL,
  `originalName` varchar(255) DEFAULT NULL,
  `storage_id` tinyint(1) NOT NULL,
  `uid` varchar(10) NOT NULL,
  `created_at` timestamp NOT NULL,
  `updated_at` timestamp NOT NULL
) ENGINE=InnoDB DEFAULT CHARSET=utf8;

--
-- Дамп данных таблицы `images`
--

INSERT INTO `images` (`id`, `advert_id`, `name`, `originalName`, `storage_id`, `uid`, `created_at`, `updated_at`) VALUES
(1, 1, 'cVA6FuxygKAasTx1.webp', '.webp', 0, 'IzSAqOD413', '2021-07-03 21:08:42', '2021-07-03 21:08:42'),
(2, 2, '3s4uJrZdqAzeMNco.webp', '.webp', 0, 'I2nujRPbgl', '2021-07-03 21:08:44', '2021-07-03 21:08:44'),
(3, 4, 'WgzkxOnKvqkJawhh.webp', '.webp', 0, 'CA9hlKFqzO', '2021-07-03 21:08:49', '2021-07-03 21:08:49'),
(4, 5, 'Lw5mMiXo3Mi8p6Eo.webp', '.webp', 0, 'F9eOjJYy2i', '2021-07-03 21:08:52', '2021-07-03 21:08:52'),
(5, 6, 'yUrunfNi5iIlVL3g.webp', '.webp', 0, 'DAWbogqPLE', '2021-07-03 21:08:54', '2021-07-03 21:08:54'),
(6, 7, 'JOt6ov0czH6Nbp7o.webp', '.webp', 0, 'AvjmWFMr0e', '2021-07-03 21:08:57', '2021-07-03 21:08:57'),
(7, 8, 'L01Dq6dTPDNAHgq1.webp', '.webp', 0, 'Gd5ELZe6jN', '2021-07-03 21:08:59', '2021-07-03 21:08:59'),
(8, 9, 'vrPJvOSVcSUwbtQ0.webp', '.webp', 0, '9Ok2CiBJyv', '2021-07-03 21:09:02', '2021-07-03 21:09:02'),
(9, 10, '3LYj7ootdKtbAkcS.webp', '.webp', 0, 'pZ9a0vKFX9', '2021-07-03 21:09:04', '2021-07-03 21:09:04'),
(10, 11, 'hTLZtuzjhPTanbAR.webp', '.webp', 0, 'xEsYaOTqKD', '2021-07-03 21:09:07', '2021-07-03 21:09:07'),
(11, 12, 's5BLaKxO5ShDQFLW.webp', '.webp', 0, '3LGjdHpTb0', '2021-07-03 21:09:09', '2021-07-03 21:09:09'),
(12, 13, 'SYcrm293RxyvjTlE.webp', '.webp', 0, 'TdiADrebKi', '2021-07-03 21:09:12', '2021-07-03 21:09:12'),
(13, 14, '8UEHaLLuhnDWYhV7.webp', '.webp', 0, '8RKH4bOOxE', '2021-07-03 21:09:15', '2021-07-03 21:09:15'),
(14, 15, 'pgnWmMObnrBSaYXm.webp', '.webp', 0, 'zSZrONvQiK', '2021-07-03 21:09:17', '2021-07-03 21:09:17'),
(15, 16, 'UwU6bYj3qlyhtkRw.webp', '.webp', 0, 'mAKAUlrItX', '2021-07-03 21:09:19', '2021-07-03 21:09:19'),
(16, 17, 'ngiM6ROv4iV4KkX0.webp', '.webp', 0, '5KFeVPV3RA', '2021-07-03 21:09:22', '2021-07-03 21:09:22'),
(17, 18, 'hXyWdc8GQ7XOI99b.webp', '.webp', 0, 'JUNKYrg45G', '2021-07-03 21:09:24', '2021-07-03 21:09:24'),
(18, 19, '1OYOoaDZr5RJo387.webp', '.webp', 0, 'sAhze6c920', '2021-07-03 21:09:27', '2021-07-03 21:09:27'),
(19, 20, '8rXrG2aMb59iOa9A.webp', '.webp', 0, 'LUWnXCEv13', '2021-07-03 21:09:29', '2021-07-03 21:09:29'),
(20, 21, 'NCEbO7BkMksLp3fg.webp', '.webp', 0, 'JOdToGLKuk', '2021-07-03 21:09:32', '2021-07-03 21:09:32'),
(21, 22, 'ytMXBiXFozmoW2xB.webp', '.webp', 0, '3wfqpJMvSD', '2021-07-03 21:09:34', '2021-07-03 21:09:34'),
(22, 23, '3pMu2VZP3Z5svWax.webp', '.webp', 0, 'GnVDdp7yhN', '2021-07-03 21:09:37', '2021-07-03 21:09:37'),
(23, 24, '3pKV5ZIFkKPXyCcW.webp', '.webp', 0, '2ZQFjqZgbq', '2021-07-03 21:09:39', '2021-07-03 21:09:39'),
(24, 25, 'JD43DbrYZKnIix3y.webp', '.webp', 0, 'hk99jFDRzo', '2021-07-03 21:09:42', '2021-07-03 21:09:42'),
(25, 27, 'Fwexze8xVPj6zqd4.webp', '.webp', 0, 'xFz3UIMcaS', '2021-07-03 21:09:47', '2021-07-03 21:09:47'),
(26, 28, 'eMN1oYe4S58dd3kB.webp', '.webp', 0, 'vOHRnobs3k', '2021-07-03 21:09:49', '2021-07-03 21:09:49'),
(27, 29, 'l8rVjEjls6ezItm2.webp', '.webp', 0, 'mH9wdKmAJR', '2021-07-03 21:09:52', '2021-07-03 21:09:52'),
(28, 30, 'qwnjSTRRe9vqj05i.webp', '.webp', 0, 'LqxJFGdB98', '2021-07-03 21:09:54', '2021-07-03 21:09:54'),
(29, 31, 'cWPnvnZPb7pak7ab.webp', '.webp', 0, 'BkOm9P1PTB', '2021-07-03 21:09:57', '2021-07-03 21:09:57'),
(30, 32, 'oGcFwySkrbaGJugb.webp', '.webp', 0, 'ArORR1t8yG', '2021-07-03 21:09:59', '2021-07-03 21:09:59'),
(31, 33, '3PXAkkAC7oPYGPid.webp', '.webp', 0, '9nvroNMeDE', '2021-07-03 21:10:02', '2021-07-03 21:10:02'),
(32, 34, 'Nx2eR23cyI6RVLGK.webp', '.webp', 0, 'NPgoX9aygj', '2021-07-03 21:10:04', '2021-07-03 21:10:04'),
(33, 35, 'MB9nH2FVKesaN9v9.webp', '.webp', 0, 'yVccPLqS3M', '2021-07-03 21:10:07', '2021-07-03 21:10:07'),
(34, 36, 'v9kg8f6ZJGdeGTDs.webp', '.webp', 0, 'HqxOr9GDDc', '2021-07-03 21:10:09', '2021-07-03 21:10:09'),
(35, 37, 'nb6DqGvv8xDs98tB.webp', '.webp', 0, 'Jmtzbf9Jgd', '2021-07-03 21:10:14', '2021-07-03 21:10:14'),
(36, 38, 'bUUq75pVohA41nJ5.webp', '.webp', 0, 'R9jX6go9eW', '2021-07-03 21:10:17', '2021-07-03 21:10:17'),
(37, 39, 'laxWOSaDXTROc5kl.webp', '.webp', 0, '9gFDNo96QR', '2021-07-03 21:10:19', '2021-07-03 21:10:19'),
(38, 40, 'brvZDggheDYk2dQz.webp', '.webp', 0, 'mVGfj7bYvk', '2021-07-03 21:10:22', '2021-07-03 21:10:22'),
(39, 41, 'kRLMNwrmeyKZsFlJ.webp', '.webp', 0, '29hqxMx2KA', '2021-07-03 21:10:27', '2021-07-03 21:10:27'),
(40, 42, 'vzMvIGqD1Jn4JKY3.webp', '.webp', 0, 'JJ6w0bq3FT', '2021-07-03 21:10:29', '2021-07-03 21:10:29'),
(41, 43, 'NmUD7MhFpE0WzPd8.webp', '.webp', 0, 'i3noqD6jei', '2021-07-03 21:10:32', '2021-07-03 21:10:32'),
(42, 44, 'lbfbFgbQd8SMybNd.webp', '.webp', 0, 'A8JMWXC4If', '2021-07-04 16:19:58', '2021-07-04 16:19:58'),
(43, 45, 'tRewNW9zHPFlP0Ia.webp', '.webp', 0, 'yLwS9FgEdz', '2021-07-04 16:20:02', '2021-07-04 16:20:02'),
(44, 46, 'qmSUAgBccKsSzaLM.webp', '.webp', 0, 'xkLD7Qc3df', '2021-07-04 16:20:04', '2021-07-04 16:20:04'),
(45, 47, 'e9j7wvCXtdy1iUtv.webp', '.webp', 0, 'WsapVX9mfi', '2021-07-04 16:20:07', '2021-07-04 16:20:07'),
(46, 48, '7FH4sWjJMmHTO0bx.webp', '.webp', 0, 'dp6hekcuDE', '2021-07-04 16:20:09', '2021-07-04 16:20:09'),
(47, 50, 'jFGAEc4uDH7kXZeU.webp', '.webp', 0, 'MVG0EkXmgI', '2021-07-04 16:20:14', '2021-07-04 16:20:14'),
(48, 51, 'ehSa6BFqCzwDvOVS.webp', '.webp', 0, 'ukb6fpq2Y7', '2021-07-04 16:20:16', '2021-07-04 16:20:16'),
(49, 52, 'eeoPGMrUAFXdZ5IA.webp', '.webp', 0, 'sNezxqV5t2', '2021-07-04 16:20:19', '2021-07-04 16:20:19');

-- --------------------------------------------------------

--
-- Структура таблицы `jobs`
--

CREATE TABLE `jobs` (
  `id` bigint(20) UNSIGNED NOT NULL,
  `queue` varchar(191) COLLATE utf8mb4_unicode_ci NOT NULL,
  `payload` longtext COLLATE utf8mb4_unicode_ci NOT NULL,
  `attempts` tinyint(3) UNSIGNED NOT NULL,
  `reserved_at` int(10) UNSIGNED DEFAULT NULL,
  `available_at` int(10) UNSIGNED NOT NULL,
  `created_at` int(10) UNSIGNED NOT NULL
) ENGINE=InnoDB DEFAULT CHARSET=utf8mb4 COLLATE=utf8mb4_unicode_ci;

--
-- Дамп данных таблицы `jobs`
--

INSERT INTO `jobs` (`id`, `queue`, `payload`, `attempts`, `reserved_at`, `available_at`, `created_at`) VALUES
(1, 'default', '{\"displayName\":\"App\\\\Jobs\\\\ResizeImages\",\"job\":\"Illuminate\\\\Queue\\\\CallQueuedHandler@call\",\"maxTries\":null,\"delay\":null,\"timeout\":null,\"timeoutAt\":null,\"data\":{\"commandName\":\"App\\\\Jobs\\\\ResizeImages\",\"command\":\"O:21:\\\"App\\\\Jobs\\\\ResizeImages\\\":9:{s:29:\\\"\\u0000App\\\\Jobs\\\\ResizeImages\\u0000images\\\";a:2:{i:0;a:3:{s:4:\\\"path\\\";s:50:\\\"C:\\\\OSPanel\\\\domains\\\\ilbo\\\\storage\\/app\\/images\\/normal\\/\\\";s:4:\\\"name\\\";s:21:\\\"lbfbFgbQd8SMybNd.webp\\\";s:4:\\\"type\\\";s:6:\\\"normal\\\";}i:1;a:3:{s:4:\\\"path\\\";s:49:\\\"C:\\\\OSPanel\\\\domains\\\\ilbo\\\\storage\\/app\\/images\\/small\\/\\\";s:4:\\\"name\\\";s:21:\\\"lbfbFgbQd8SMybNd.webp\\\";s:4:\\\"type\\\";s:5:\\\"small\\\";}}s:6:\\\"\\u0000*\\u0000job\\\";N;s:10:\\\"connection\\\";N;s:5:\\\"queue\\\";N;s:15:\\\"chainConnection\\\";N;s:10:\\\"chainQueue\\\";N;s:5:\\\"delay\\\";N;s:10:\\\"middleware\\\";a:0:{}s:7:\\\"chained\\\";a:0:{}}\"}}', 0, NULL, 1625415599, 1625415599),
(2, 'default', '{\"displayName\":\"App\\\\Jobs\\\\DeleteFilesArray\",\"job\":\"Illuminate\\\\Queue\\\\CallQueuedHandler@call\",\"maxTries\":null,\"delay\":null,\"timeout\":null,\"timeoutAt\":null,\"data\":{\"commandName\":\"App\\\\Jobs\\\\DeleteFilesArray\",\"command\":\"O:25:\\\"App\\\\Jobs\\\\DeleteFilesArray\\\":9:{s:32:\\\"\\u0000App\\\\Jobs\\\\DeleteFilesArray\\u0000files\\\";a:1:{i:0;s:58:\\\"C:\\\\OSPanel\\\\domains\\\\ilbo\\\\storage\\\\app\\/images\\/parse\\/olx\\/.webp\\\";}s:6:\\\"\\u0000*\\u0000job\\\";N;s:10:\\\"connection\\\";N;s:5:\\\"queue\\\";N;s:15:\\\"chainConnection\\\";N;s:10:\\\"chainQueue\\\";N;s:5:\\\"delay\\\";N;s:10:\\\"middleware\\\";a:0:{}s:7:\\\"chained\\\";a:0:{}}\"}}', 0, NULL, 1625415599, 1625415599),
(3, 'default', '{\"displayName\":\"App\\\\Jobs\\\\ResizeImages\",\"job\":\"Illuminate\\\\Queue\\\\CallQueuedHandler@call\",\"maxTries\":null,\"delay\":null,\"timeout\":null,\"timeoutAt\":null,\"data\":{\"commandName\":\"App\\\\Jobs\\\\ResizeImages\",\"command\":\"O:21:\\\"App\\\\Jobs\\\\ResizeImages\\\":9:{s:29:\\\"\\u0000App\\\\Jobs\\\\ResizeImages\\u0000images\\\";a:2:{i:0;a:3:{s:4:\\\"path\\\";s:50:\\\"C:\\\\OSPanel\\\\domains\\\\ilbo\\\\storage\\/app\\/images\\/normal\\/\\\";s:4:\\\"name\\\";s:21:\\\"tRewNW9zHPFlP0Ia.webp\\\";s:4:\\\"type\\\";s:6:\\\"normal\\\";}i:1;a:3:{s:4:\\\"path\\\";s:49:\\\"C:\\\\OSPanel\\\\domains\\\\ilbo\\\\storage\\/app\\/images\\/small\\/\\\";s:4:\\\"name\\\";s:21:\\\"tRewNW9zHPFlP0Ia.webp\\\";s:4:\\\"type\\\";s:5:\\\"small\\\";}}s:6:\\\"\\u0000*\\u0000job\\\";N;s:10:\\\"connection\\\";N;s:5:\\\"queue\\\";N;s:15:\\\"chainConnection\\\";N;s:10:\\\"chainQueue\\\";N;s:5:\\\"delay\\\";N;s:10:\\\"middleware\\\";a:0:{}s:7:\\\"chained\\\";a:0:{}}\"}}', 0, NULL, 1625415602, 1625415602),
(4, 'default', '{\"displayName\":\"App\\\\Jobs\\\\DeleteFilesArray\",\"job\":\"Illuminate\\\\Queue\\\\CallQueuedHandler@call\",\"maxTries\":null,\"delay\":null,\"timeout\":null,\"timeoutAt\":null,\"data\":{\"commandName\":\"App\\\\Jobs\\\\DeleteFilesArray\",\"command\":\"O:25:\\\"App\\\\Jobs\\\\DeleteFilesArray\\\":9:{s:32:\\\"\\u0000App\\\\Jobs\\\\DeleteFilesArray\\u0000files\\\";a:1:{i:0;s:58:\\\"C:\\\\OSPanel\\\\domains\\\\ilbo\\\\storage\\\\app\\/images\\/parse\\/olx\\/.webp\\\";}s:6:\\\"\\u0000*\\u0000job\\\";N;s:10:\\\"connection\\\";N;s:5:\\\"queue\\\";N;s:15:\\\"chainConnection\\\";N;s:10:\\\"chainQueue\\\";N;s:5:\\\"delay\\\";N;s:10:\\\"middleware\\\";a:0:{}s:7:\\\"chained\\\";a:0:{}}\"}}', 0, NULL, 1625415602, 1625415602),
(5, 'default', '{\"displayName\":\"App\\\\Jobs\\\\ResizeImages\",\"job\":\"Illuminate\\\\Queue\\\\CallQueuedHandler@call\",\"maxTries\":null,\"delay\":null,\"timeout\":null,\"timeoutAt\":null,\"data\":{\"commandName\":\"App\\\\Jobs\\\\ResizeImages\",\"command\":\"O:21:\\\"App\\\\Jobs\\\\ResizeImages\\\":9:{s:29:\\\"\\u0000App\\\\Jobs\\\\ResizeImages\\u0000images\\\";a:2:{i:0;a:3:{s:4:\\\"path\\\";s:50:\\\"C:\\\\OSPanel\\\\domains\\\\ilbo\\\\storage\\/app\\/images\\/normal\\/\\\";s:4:\\\"name\\\";s:21:\\\"qmSUAgBccKsSzaLM.webp\\\";s:4:\\\"type\\\";s:6:\\\"normal\\\";}i:1;a:3:{s:4:\\\"path\\\";s:49:\\\"C:\\\\OSPanel\\\\domains\\\\ilbo\\\\storage\\/app\\/images\\/small\\/\\\";s:4:\\\"name\\\";s:21:\\\"qmSUAgBccKsSzaLM.webp\\\";s:4:\\\"type\\\";s:5:\\\"small\\\";}}s:6:\\\"\\u0000*\\u0000job\\\";N;s:10:\\\"connection\\\";N;s:5:\\\"queue\\\";N;s:15:\\\"chainConnection\\\";N;s:10:\\\"chainQueue\\\";N;s:5:\\\"delay\\\";N;s:10:\\\"middleware\\\";a:0:{}s:7:\\\"chained\\\";a:0:{}}\"}}', 0, NULL, 1625415604, 1625415604),
(6, 'default', '{\"displayName\":\"App\\\\Jobs\\\\DeleteFilesArray\",\"job\":\"Illuminate\\\\Queue\\\\CallQueuedHandler@call\",\"maxTries\":null,\"delay\":null,\"timeout\":null,\"timeoutAt\":null,\"data\":{\"commandName\":\"App\\\\Jobs\\\\DeleteFilesArray\",\"command\":\"O:25:\\\"App\\\\Jobs\\\\DeleteFilesArray\\\":9:{s:32:\\\"\\u0000App\\\\Jobs\\\\DeleteFilesArray\\u0000files\\\";a:1:{i:0;s:58:\\\"C:\\\\OSPanel\\\\domains\\\\ilbo\\\\storage\\\\app\\/images\\/parse\\/olx\\/.webp\\\";}s:6:\\\"\\u0000*\\u0000job\\\";N;s:10:\\\"connection\\\";N;s:5:\\\"queue\\\";N;s:15:\\\"chainConnection\\\";N;s:10:\\\"chainQueue\\\";N;s:5:\\\"delay\\\";N;s:10:\\\"middleware\\\";a:0:{}s:7:\\\"chained\\\";a:0:{}}\"}}', 0, NULL, 1625415604, 1625415604),
(7, 'default', '{\"displayName\":\"App\\\\Jobs\\\\ResizeImages\",\"job\":\"Illuminate\\\\Queue\\\\CallQueuedHandler@call\",\"maxTries\":null,\"delay\":null,\"timeout\":null,\"timeoutAt\":null,\"data\":{\"commandName\":\"App\\\\Jobs\\\\ResizeImages\",\"command\":\"O:21:\\\"App\\\\Jobs\\\\ResizeImages\\\":9:{s:29:\\\"\\u0000App\\\\Jobs\\\\ResizeImages\\u0000images\\\";a:2:{i:0;a:3:{s:4:\\\"path\\\";s:50:\\\"C:\\\\OSPanel\\\\domains\\\\ilbo\\\\storage\\/app\\/images\\/normal\\/\\\";s:4:\\\"name\\\";s:21:\\\"e9j7wvCXtdy1iUtv.webp\\\";s:4:\\\"type\\\";s:6:\\\"normal\\\";}i:1;a:3:{s:4:\\\"path\\\";s:49:\\\"C:\\\\OSPanel\\\\domains\\\\ilbo\\\\storage\\/app\\/images\\/small\\/\\\";s:4:\\\"name\\\";s:21:\\\"e9j7wvCXtdy1iUtv.webp\\\";s:4:\\\"type\\\";s:5:\\\"small\\\";}}s:6:\\\"\\u0000*\\u0000job\\\";N;s:10:\\\"connection\\\";N;s:5:\\\"queue\\\";N;s:15:\\\"chainConnection\\\";N;s:10:\\\"chainQueue\\\";N;s:5:\\\"delay\\\";N;s:10:\\\"middleware\\\";a:0:{}s:7:\\\"chained\\\";a:0:{}}\"}}', 0, NULL, 1625415607, 1625415607),
(8, 'default', '{\"displayName\":\"App\\\\Jobs\\\\DeleteFilesArray\",\"job\":\"Illuminate\\\\Queue\\\\CallQueuedHandler@call\",\"maxTries\":null,\"delay\":null,\"timeout\":null,\"timeoutAt\":null,\"data\":{\"commandName\":\"App\\\\Jobs\\\\DeleteFilesArray\",\"command\":\"O:25:\\\"App\\\\Jobs\\\\DeleteFilesArray\\\":9:{s:32:\\\"\\u0000App\\\\Jobs\\\\DeleteFilesArray\\u0000files\\\";a:1:{i:0;s:58:\\\"C:\\\\OSPanel\\\\domains\\\\ilbo\\\\storage\\\\app\\/images\\/parse\\/olx\\/.webp\\\";}s:6:\\\"\\u0000*\\u0000job\\\";N;s:10:\\\"connection\\\";N;s:5:\\\"queue\\\";N;s:15:\\\"chainConnection\\\";N;s:10:\\\"chainQueue\\\";N;s:5:\\\"delay\\\";N;s:10:\\\"middleware\\\";a:0:{}s:7:\\\"chained\\\";a:0:{}}\"}}', 0, NULL, 1625415607, 1625415607),
(9, 'default', '{\"displayName\":\"App\\\\Jobs\\\\ResizeImages\",\"job\":\"Illuminate\\\\Queue\\\\CallQueuedHandler@call\",\"maxTries\":null,\"delay\":null,\"timeout\":null,\"timeoutAt\":null,\"data\":{\"commandName\":\"App\\\\Jobs\\\\ResizeImages\",\"command\":\"O:21:\\\"App\\\\Jobs\\\\ResizeImages\\\":9:{s:29:\\\"\\u0000App\\\\Jobs\\\\ResizeImages\\u0000images\\\";a:2:{i:0;a:3:{s:4:\\\"path\\\";s:50:\\\"C:\\\\OSPanel\\\\domains\\\\ilbo\\\\storage\\/app\\/images\\/normal\\/\\\";s:4:\\\"name\\\";s:21:\\\"7FH4sWjJMmHTO0bx.webp\\\";s:4:\\\"type\\\";s:6:\\\"normal\\\";}i:1;a:3:{s:4:\\\"path\\\";s:49:\\\"C:\\\\OSPanel\\\\domains\\\\ilbo\\\\storage\\/app\\/images\\/small\\/\\\";s:4:\\\"name\\\";s:21:\\\"7FH4sWjJMmHTO0bx.webp\\\";s:4:\\\"type\\\";s:5:\\\"small\\\";}}s:6:\\\"\\u0000*\\u0000job\\\";N;s:10:\\\"connection\\\";N;s:5:\\\"queue\\\";N;s:15:\\\"chainConnection\\\";N;s:10:\\\"chainQueue\\\";N;s:5:\\\"delay\\\";N;s:10:\\\"middleware\\\";a:0:{}s:7:\\\"chained\\\";a:0:{}}\"}}', 0, NULL, 1625415609, 1625415609),
(10, 'default', '{\"displayName\":\"App\\\\Jobs\\\\DeleteFilesArray\",\"job\":\"Illuminate\\\\Queue\\\\CallQueuedHandler@call\",\"maxTries\":null,\"delay\":null,\"timeout\":null,\"timeoutAt\":null,\"data\":{\"commandName\":\"App\\\\Jobs\\\\DeleteFilesArray\",\"command\":\"O:25:\\\"App\\\\Jobs\\\\DeleteFilesArray\\\":9:{s:32:\\\"\\u0000App\\\\Jobs\\\\DeleteFilesArray\\u0000files\\\";a:1:{i:0;s:58:\\\"C:\\\\OSPanel\\\\domains\\\\ilbo\\\\storage\\\\app\\/images\\/parse\\/olx\\/.webp\\\";}s:6:\\\"\\u0000*\\u0000job\\\";N;s:10:\\\"connection\\\";N;s:5:\\\"queue\\\";N;s:15:\\\"chainConnection\\\";N;s:10:\\\"chainQueue\\\";N;s:5:\\\"delay\\\";N;s:10:\\\"middleware\\\";a:0:{}s:7:\\\"chained\\\";a:0:{}}\"}}', 0, NULL, 1625415609, 1625415609),
(11, 'default', '{\"displayName\":\"App\\\\Jobs\\\\ResizeImages\",\"job\":\"Illuminate\\\\Queue\\\\CallQueuedHandler@call\",\"maxTries\":null,\"delay\":null,\"timeout\":null,\"timeoutAt\":null,\"data\":{\"commandName\":\"App\\\\Jobs\\\\ResizeImages\",\"command\":\"O:21:\\\"App\\\\Jobs\\\\ResizeImages\\\":9:{s:29:\\\"\\u0000App\\\\Jobs\\\\ResizeImages\\u0000images\\\";a:2:{i:0;a:3:{s:4:\\\"path\\\";s:50:\\\"C:\\\\OSPanel\\\\domains\\\\ilbo\\\\storage\\/app\\/images\\/normal\\/\\\";s:4:\\\"name\\\";s:21:\\\"jFGAEc4uDH7kXZeU.webp\\\";s:4:\\\"type\\\";s:6:\\\"normal\\\";}i:1;a:3:{s:4:\\\"path\\\";s:49:\\\"C:\\\\OSPanel\\\\domains\\\\ilbo\\\\storage\\/app\\/images\\/small\\/\\\";s:4:\\\"name\\\";s:21:\\\"jFGAEc4uDH7kXZeU.webp\\\";s:4:\\\"type\\\";s:5:\\\"small\\\";}}s:6:\\\"\\u0000*\\u0000job\\\";N;s:10:\\\"connection\\\";N;s:5:\\\"queue\\\";N;s:15:\\\"chainConnection\\\";N;s:10:\\\"chainQueue\\\";N;s:5:\\\"delay\\\";N;s:10:\\\"middleware\\\";a:0:{}s:7:\\\"chained\\\";a:0:{}}\"}}', 0, NULL, 1625415614, 1625415614),
(12, 'default', '{\"displayName\":\"App\\\\Jobs\\\\DeleteFilesArray\",\"job\":\"Illuminate\\\\Queue\\\\CallQueuedHandler@call\",\"maxTries\":null,\"delay\":null,\"timeout\":null,\"timeoutAt\":null,\"data\":{\"commandName\":\"App\\\\Jobs\\\\DeleteFilesArray\",\"command\":\"O:25:\\\"App\\\\Jobs\\\\DeleteFilesArray\\\":9:{s:32:\\\"\\u0000App\\\\Jobs\\\\DeleteFilesArray\\u0000files\\\";a:1:{i:0;s:58:\\\"C:\\\\OSPanel\\\\domains\\\\ilbo\\\\storage\\\\app\\/images\\/parse\\/olx\\/.webp\\\";}s:6:\\\"\\u0000*\\u0000job\\\";N;s:10:\\\"connection\\\";N;s:5:\\\"queue\\\";N;s:15:\\\"chainConnection\\\";N;s:10:\\\"chainQueue\\\";N;s:5:\\\"delay\\\";N;s:10:\\\"middleware\\\";a:0:{}s:7:\\\"chained\\\";a:0:{}}\"}}', 0, NULL, 1625415614, 1625415614),
(13, 'default', '{\"displayName\":\"App\\\\Jobs\\\\ResizeImages\",\"job\":\"Illuminate\\\\Queue\\\\CallQueuedHandler@call\",\"maxTries\":null,\"delay\":null,\"timeout\":null,\"timeoutAt\":null,\"data\":{\"commandName\":\"App\\\\Jobs\\\\ResizeImages\",\"command\":\"O:21:\\\"App\\\\Jobs\\\\ResizeImages\\\":9:{s:29:\\\"\\u0000App\\\\Jobs\\\\ResizeImages\\u0000images\\\";a:2:{i:0;a:3:{s:4:\\\"path\\\";s:50:\\\"C:\\\\OSPanel\\\\domains\\\\ilbo\\\\storage\\/app\\/images\\/normal\\/\\\";s:4:\\\"name\\\";s:21:\\\"ehSa6BFqCzwDvOVS.webp\\\";s:4:\\\"type\\\";s:6:\\\"normal\\\";}i:1;a:3:{s:4:\\\"path\\\";s:49:\\\"C:\\\\OSPanel\\\\domains\\\\ilbo\\\\storage\\/app\\/images\\/small\\/\\\";s:4:\\\"name\\\";s:21:\\\"ehSa6BFqCzwDvOVS.webp\\\";s:4:\\\"type\\\";s:5:\\\"small\\\";}}s:6:\\\"\\u0000*\\u0000job\\\";N;s:10:\\\"connection\\\";N;s:5:\\\"queue\\\";N;s:15:\\\"chainConnection\\\";N;s:10:\\\"chainQueue\\\";N;s:5:\\\"delay\\\";N;s:10:\\\"middleware\\\";a:0:{}s:7:\\\"chained\\\";a:0:{}}\"}}', 0, NULL, 1625415616, 1625415616),
(14, 'default', '{\"displayName\":\"App\\\\Jobs\\\\DeleteFilesArray\",\"job\":\"Illuminate\\\\Queue\\\\CallQueuedHandler@call\",\"maxTries\":null,\"delay\":null,\"timeout\":null,\"timeoutAt\":null,\"data\":{\"commandName\":\"App\\\\Jobs\\\\DeleteFilesArray\",\"command\":\"O:25:\\\"App\\\\Jobs\\\\DeleteFilesArray\\\":9:{s:32:\\\"\\u0000App\\\\Jobs\\\\DeleteFilesArray\\u0000files\\\";a:1:{i:0;s:58:\\\"C:\\\\OSPanel\\\\domains\\\\ilbo\\\\storage\\\\app\\/images\\/parse\\/olx\\/.webp\\\";}s:6:\\\"\\u0000*\\u0000job\\\";N;s:10:\\\"connection\\\";N;s:5:\\\"queue\\\";N;s:15:\\\"chainConnection\\\";N;s:10:\\\"chainQueue\\\";N;s:5:\\\"delay\\\";N;s:10:\\\"middleware\\\";a:0:{}s:7:\\\"chained\\\";a:0:{}}\"}}', 0, NULL, 1625415616, 1625415616),
(15, 'default', '{\"displayName\":\"App\\\\Jobs\\\\ResizeImages\",\"job\":\"Illuminate\\\\Queue\\\\CallQueuedHandler@call\",\"maxTries\":null,\"delay\":null,\"timeout\":null,\"timeoutAt\":null,\"data\":{\"commandName\":\"App\\\\Jobs\\\\ResizeImages\",\"command\":\"O:21:\\\"App\\\\Jobs\\\\ResizeImages\\\":9:{s:29:\\\"\\u0000App\\\\Jobs\\\\ResizeImages\\u0000images\\\";a:2:{i:0;a:3:{s:4:\\\"path\\\";s:50:\\\"C:\\\\OSPanel\\\\domains\\\\ilbo\\\\storage\\/app\\/images\\/normal\\/\\\";s:4:\\\"name\\\";s:21:\\\"eeoPGMrUAFXdZ5IA.webp\\\";s:4:\\\"type\\\";s:6:\\\"normal\\\";}i:1;a:3:{s:4:\\\"path\\\";s:49:\\\"C:\\\\OSPanel\\\\domains\\\\ilbo\\\\storage\\/app\\/images\\/small\\/\\\";s:4:\\\"name\\\";s:21:\\\"eeoPGMrUAFXdZ5IA.webp\\\";s:4:\\\"type\\\";s:5:\\\"small\\\";}}s:6:\\\"\\u0000*\\u0000job\\\";N;s:10:\\\"connection\\\";N;s:5:\\\"queue\\\";N;s:15:\\\"chainConnection\\\";N;s:10:\\\"chainQueue\\\";N;s:5:\\\"delay\\\";N;s:10:\\\"middleware\\\";a:0:{}s:7:\\\"chained\\\";a:0:{}}\"}}', 0, NULL, 1625415619, 1625415619),
(16, 'default', '{\"displayName\":\"App\\\\Jobs\\\\DeleteFilesArray\",\"job\":\"Illuminate\\\\Queue\\\\CallQueuedHandler@call\",\"maxTries\":null,\"delay\":null,\"timeout\":null,\"timeoutAt\":null,\"data\":{\"commandName\":\"App\\\\Jobs\\\\DeleteFilesArray\",\"command\":\"O:25:\\\"App\\\\Jobs\\\\DeleteFilesArray\\\":9:{s:32:\\\"\\u0000App\\\\Jobs\\\\DeleteFilesArray\\u0000files\\\";a:1:{i:0;s:58:\\\"C:\\\\OSPanel\\\\domains\\\\ilbo\\\\storage\\\\app\\/images\\/parse\\/olx\\/.webp\\\";}s:6:\\\"\\u0000*\\u0000job\\\";N;s:10:\\\"connection\\\";N;s:5:\\\"queue\\\";N;s:15:\\\"chainConnection\\\";N;s:10:\\\"chainQueue\\\";N;s:5:\\\"delay\\\";N;s:10:\\\"middleware\\\";a:0:{}s:7:\\\"chained\\\";a:0:{}}\"}}', 0, NULL, 1625415619, 1625415619);

-- --------------------------------------------------------

--
-- Структура таблицы `kz_city`
--

CREATE TABLE `kz_city` (
  `city_id` int(3) UNSIGNED NOT NULL,
  `region_id` int(2) UNSIGNED NOT NULL DEFAULT 0,
  `name` varchar(128) NOT NULL DEFAULT '',
  `url` varchar(40) NOT NULL,
  `coords` varchar(22) NOT NULL
) ENGINE=InnoDB DEFAULT CHARSET=utf8;

--
-- Дамп данных таблицы `kz_city`
--

INSERT INTO `kz_city` (`city_id`, `region_id`, `name`, `url`, `coords`) VALUES
(1, 0, 'Абай', 'abay', '50.181179, 58.320631'),
(2, 1, 'Акколь', 'akkol', '51.995855, 70.952948'),
(3, 0, 'Аксай', 'aksay', '49.441047, 56.477531'),
(4, 0, 'Аксу', 'aksu', '49.621471, 58.367874'),
(5, 1, 'Атбасар', 'atbasar', '51.815755, 68.358326'),
(6, 1, 'Державинск', 'derzhavinsk', '51.098679, 66.314712'),
(7, 1, 'Ерейментау', 'ereymentau', '51.619620, 73.102598'),
(8, 1, 'Есиль', 'esil', '51.958004, 66.406206'),
(9, 1, 'Кокшетау', 'kokshetau', '53.284635, 69.377527'),
(10, 1, 'Макинск', 'makinsk', '52.636117, 70.416321'),
(11, 1, 'Нур-Султан', 'nur-sultan', '51.128207, 71.430411'),
(12, 1, 'Щучинск', 'schuchinsk', '52.942107, 70.210131'),
(13, 0, 'Сергеевка', 'sergeevka', '48.605970, 58.593710'),
(14, 1, 'Степногорск', 'stepnogorsk', '52.346664, 71.879793'),
(15, 1, 'Степняк', 'stepnyak', '52.832000, 70.783427'),
(16, 0, 'Актобе', 'aktobe', '50.300371, 57.154555'),
(17, 0, 'Алга', 'alga', '49.896725, 57.328586'),
(18, 0, 'Эмба', 'emba', '48.823344, 58.148397'),
(19, 0, 'Хромтау', 'hromtau', '50.259109, 58.432804'),
(20, 0, 'Кандыагаш', 'kandyagash', '49.453476, 57.406874'),
(21, 0, 'Шалкар', 'shalkar', '47.831392, 59.619290'),
(22, 0, 'Темир', 'temir', '49.143136, 57.126330'),
(23, 1, 'Жем', 'zhem', '51.785262, 69.908818'),
(24, 2, 'Алматы', 'almaty', '43.238293, 76.945465'),
(25, 2, 'Талдыкорган', 'taldykorgan', '45.017837, 78.382096'),
(26, 2, 'Ушарал', 'usharal', '46.174094, 80.946858'),
(27, 3, 'Атырау', 'atyrau', '47.106811, 51.916874'),
(28, 3, 'Кульсары', 'kulsary', '46.960840, 54.005933'),
(29, 4, 'Сатпаев', 'satpaev', '47.888268, 82.607717'),
(30, 4, 'Семей', 'semey', '50.416526, 80.256170'),
(31, 4, 'Шемонаиха', 'shemonaiha', '50.625035, 81.911927'),
(32, 4, 'Усть-Каменогорск', 'ust-kamenogorsk', '49.948759, 82.628459'),
(33, 4, 'Зыряновск', 'zyryanovsk', '49.725608, 84.274505'),
(34, 5, 'Тараз', 'taraz', '42.901183, 71.378309'),
(35, 6, 'Актау', 'aktau', '50.998540, 50.184374'),
(36, 7, 'Байконур', 'baykonur', '47.823909, 66.045730'),
(47, 11, 'Экибастуз', 'ekibastuz', '51.729692, 75.326620'),
(48, 11, 'Павлодар', 'pavlodar', '52.285577, 76.940947'),
(49, 11, 'Акку', 'akku', '52.068494, 76.242551'),
(50, 11, 'Аксу', 'aksu', '52.040616, 76.926367'),
(51, 11, 'Актогай', 'aktogay', '53.009340, 75.981016'),
(52, 11, 'Баянаул', 'bayanaul', '50.793133, 75.700831'),
(53, 11, 'Железинка', 'zhelezinka', '53.538462, 75.321105'),
(54, 11, 'Иртышск', 'irtyshsk', '53.333037, 75.458673'),
(55, 11, 'Кызылорда', 'kyzylorda', '52.068494, 76.242551'),
(56, 11, 'Коктобе', 'koktobe', '51.528901, 77.468994'),
(57, 11, 'Моисеевка', 'moiseevka', '53.450696, 75.465051'),
(58, 11, 'Теренколь', 'terenkol', '53.064673, 76.108074'),
(95, 1, 'Аршалы', 'arshaly', '50.833865, 72.182238'),
(96, 1, 'Астраханка', 'astrahanka', '51.527410, 69.797454'),
(97, 1, 'Балкашино', 'balkashino', '52.520621, 68.753360'),
(98, 1, 'Боровое', 'borovoe', '53.082353, 70.306879'),
(99, 1, 'Егиндыколь', 'egindykol', '51.053922, 69.476099'),
(100, 1, 'Жаксы', 'zhaksy', '51.908477, 67.316208'),
(101, 1, 'Жалтыр', 'zhaltyr', '51.628544, 69.837752'),
(102, 1, 'Зеренда', 'zerenda', '52.906906, 69.150424'),
(103, 1, 'Кабанбай-батыра', 'kabanbay-batyra', '50.854641, 71.358447'),
(104, 1, 'Караоткель', 'karaotkel', '51.119286, 71.214672'),
(105, 1, 'Коргалжын', 'korgalzhyn', '50.583731, 70.018017'),
(106, 1, 'Мамай', 'mamay', '52.595995, 71.204548'),
(107, 1, 'Новомарковка', 'novomarkovka', '51.719148, 72.292551'),
(108, 1, 'Талапкер', 'talapker', '51.244103, 71.159488'),
(109, 1, 'Шортанды', 'shortandy', '51.698052, 70.997504'),
(110, 0, 'Акраб', 'akrab', '50.556488, 55.187452'),
(111, 0, 'Бадамша', 'badamsha', '50.562267, 58.279048'),
(112, 0, 'Иргиз', 'irgiz', '48.621427, 61.257646'),
(113, 0, 'Карауылкельды', 'karauylkeldy', '48.693242, 55.875130'),
(114, 0, 'Кенкияк', 'kenkiyak', '48.606148, 57.111553'),
(115, 0, 'Кобда', 'kobda', '50.151503, 55.671338'),
(116, 0, 'Комсомольское', 'komsomolskoe', '50.432812, 60.502945'),
(117, 0, 'Мартук', 'martuk', '50.746044, 56.504076'),
(118, 0, 'Уил', 'uil', '49.074441, 54.665620'),
(119, 0, 'Шубаркудук', 'shubarkuduk', '49.145629, 56.488383'),
(120, 2, 'Абай', 'abay', '43.211734, 76.762137'),
(121, 2, 'Ават', 'avat', '43.401582, 77.268984'),
(122, 2, 'Азат', 'azat', '43.350274, 77.265571'),
(123, 2, 'Айтей', 'aytey', '43.233984, 76.601042'),
(124, 2, 'Акжар', 'akzhar', '45.801745, 80.647234'),
(125, 2, 'Аксенгир', 'aksengir', '43.492506, 76.278394'),
(126, 2, 'Акши', 'akshi', '43.991214, 76.326813'),
(127, 2, 'Алатау с/з', 'alatau-s-z', '43.606051, 77.107234'),
(128, 2, 'Алгабас', 'algabas', '44.675109, 78.102702'),
(129, 2, 'Алма-Арасан', 'alma-arasan', '43.087560, 76.908751'),
(130, 2, 'Алмалы', 'almaly', '46.217051, 77.295512'),
(131, 2, 'Алмалыбак (КИЗ)', 'almalybak-kiz', '43.219210, 76.682367'),
(132, 2, 'Альмерек', 'almerek', '43.384248, 77.078226'),
(133, 2, 'Арна', 'arna', '43.777235, 77.098475'),
(134, 2, 'Ащыбулак', 'aschybulak', '45.256855, 79.523495'),
(135, 2, 'Ащысай', 'aschysay', '43.554212, 77.976614'),
(136, 2, 'Баганашыл', 'baganashyl', '43.186826, 76.908338'),
(137, 2, 'Базаркельды', 'bazarkeldy', '43.544901, 77.282872'),
(138, 2, 'Байсерке', 'bayserke', '43.489628, 77.040615'),
(139, 2, 'Байтерек', 'bayterek', '43.399604, 77.224212'),
(140, 2, 'Баканас', 'bakanas', '44.806717, 76.274235'),
(141, 2, 'Балпык Би', 'balpyk-bi', '44.900615, 78.222420'),
(142, 2, 'Балтабай', 'baltabay', '43.504545, 77.546007'),
(143, 2, 'Батан', 'batan', '43.274897, 76.653288'),
(144, 2, 'Бекболат', 'bekbolat', '43.168733, 76.476284'),
(145, 2, 'Бельбулак', 'belbulak', '44.548301, 77.474240'),
(146, 2, 'Береке', 'bereke', '43.374905, 76.710008'),
(147, 2, 'Бесагаш', 'besagash', '43.299381, 77.037075'),
(148, 2, 'Бескайнар', 'beskaynar', '43.215991, 77.101790'),
(149, 2, 'Бирлик', 'birlik', '43.308960, 77.142897'),
(150, 2, 'Боралдай', 'boralday', '43.358088, 76.860997'),
(151, 2, 'Булакты', 'bulakty', '43.218468, 76.744090'),
(152, 2, 'Верхняя-каменка', 'verhnyaya-kamenka', '44.548301, 77.474240'),
(153, 2, 'Гулдала', 'guldala', '44.548301, 77.474240'),
(154, 2, 'Даулет', 'daulet', '43.606051, 77.107234'),
(155, 2, 'Долан', 'dolan', '43.189869, 76.684846'),
(156, 2, 'Еламан', 'elaman', '43.570994, 77.165130'),
(157, 2, 'Ельтай', 'eltay', '43.371582, 76.722225'),
(158, 2, 'Енбекши', 'enbekshi', '43.237380, 76.504240'),
(159, 2, 'Еркин', 'erkin', '43.442126, 77.040543'),
(160, 2, 'Ерменсай', 'ermensay', '43.186438, 76.927445'),
(161, 2, 'Есик', 'esik', '43.365173, 77.450884'),
(162, 2, 'Жалкамыс', 'zhalkamys', '43.537739, 77.149508'),
(163, 2, 'Жалпаксай', 'zhalpaksay', '43.231974, 76.679456'),
(164, 2, 'Жамбыл', 'zhambyl', '43.271313, 76.670724'),
(165, 2, 'Жана-Арна', 'zhana-arna', '43.610829, 77.024939'),
(166, 2, 'Жанадауыр', 'zhanadauyr', '43.442283, 76.958131'),
(167, 2, 'Жаналык', 'zhanalyk', '44.548301, 77.474240'),
(168, 2, 'Жанаталап', 'zhanatalap', '44.548301, 77.474240'),
(169, 2, 'Жанатурмыс', 'zhanaturmys', '44.548301, 77.474240'),
(170, 2, 'Жанашар', 'zhanashar', '44.548301, 77.474240'),
(171, 2, 'Жандосов', 'zhandosov', '44.548301, 77.474240'),
(172, 2, 'Жансугуров', 'zhansugurov', '44.548301, 77.474240'),
(173, 2, 'Жапек-батыр', 'zhapek-batyr', '44.548301, 77.474240'),
(174, 2, 'Жаркент', 'zharkent', '44.548301, 77.474240'),
(175, 2, 'Жармухамбет', 'zharmuhambet', '44.548301, 77.474240'),
(176, 2, 'Жетыген', 'zhetygen', '44.548301, 77.474240'),
(177, 2, 'Жуагашты', 'zhuagashty', '44.548301, 77.474240'),
(178, 2, 'Заречное', 'zarechnoe', '44.548301, 77.474240'),
(179, 2, 'ИЯФ', 'iyaf', '44.548301, 77.474240'),
(180, 2, 'Иргели', 'irgeli', '44.548301, 77.474240'),
(181, 2, 'Кабанбай', 'kabanbay', '44.548301, 77.474240'),
(182, 2, 'КазЦИК', 'kazcik', '44.548301, 77.474240'),
(183, 2, 'Кайзанар', 'kayzanar', '44.548301, 77.474240'),
(184, 2, 'Кайнар', 'kaynar', '44.548301, 77.474240'),
(185, 2, 'Кайрат', 'kayrat', '44.548301, 77.474240'),
(186, 2, 'Капал', 'kapal', '44.548301, 77.474240'),
(187, 2, 'Капчагай', 'kapchagay', '44.548301, 77.474240'),
(188, 2, 'Карабулак', 'karabulak', '44.548301, 77.474240'),
(189, 2, 'Карагайлы', 'karagayly', '44.548301, 77.474240'),
(190, 2, 'Каракастек', 'karakastek', '44.548301, 77.474240'),
(191, 2, 'Каракемер', 'karakemer', '44.548301, 77.474240'),
(192, 2, 'Караой', 'karaoy', '44.548301, 77.474240'),
(193, 2, 'Карасу-2', 'karasu-2', '44.548301, 77.474240'),
(194, 2, 'Каргалы', 'kargaly', '44.548301, 77.474240'),
(195, 2, 'Каскелен', 'kaskelen', '44.548301, 77.474240'),
(196, 2, 'Касымбек', 'kasymbek', '44.548301, 77.474240'),
(197, 2, 'Кеген', 'kegen', '44.548301, 77.474240'),
(198, 2, 'Кемертоган', 'kemertogan', '44.548301, 77.474240'),
(199, 2, 'Кендала', 'kendala', '44.548301, 77.474240'),
(200, 2, 'Когалы', 'kogaly', '44.548301, 77.474240'),
(201, 2, 'Кок-Лай-Сай', 'kok-lay-say', '44.548301, 77.474240'),
(202, 2, 'Кокдала', 'kokdala', '44.548301, 77.474240'),
(203, 2, 'Коккайнар', 'kokkaynar', '44.548301, 77.474240'),
(204, 2, 'Кокозек', 'kokozek', '44.548301, 77.474240'),
(205, 2, 'Коксай', 'koksay', '44.548301, 77.474240'),
(206, 2, 'Коктума', 'koktuma', '44.548301, 77.474240'),
(207, 2, 'Колхозшы', 'kolhozshy', '44.548301, 77.474240'),
(208, 2, 'Кольди', 'koldi', '44.548301, 77.474240'),
(209, 2, 'Кольсай', 'kolsay', '44.548301, 77.474240'),
(210, 2, 'Комсомол', 'komsomol', '44.548301, 77.474240'),
(211, 2, 'Космос', 'kosmos', '44.548301, 77.474240'),
(212, 2, 'Косозен', 'kosozen', '44.548301, 77.474240'),
(213, 2, 'Кошмамбет', 'koshmambet', '44.548301, 77.474240'),
(214, 2, 'Коянкоз', 'koyankoz', '44.548301, 77.474240'),
(215, 2, 'Кумтоган', 'kumtogan', '44.548301, 77.474240'),
(216, 2, 'Курамыс', 'kuramys', '44.548301, 77.474240'),
(217, 2, 'Куш', 'kush', '44.548301, 77.474240'),
(218, 2, 'Кызыл Кайрат', 'kyzyl-kayrat', '44.548301, 77.474240'),
(219, 2, 'Кызыл ту-4', 'kyzyl-tu-4', '44.548301, 77.474240'),
(220, 2, 'Кыргауылды', 'kyrgauyldy', '44.548301, 77.474240'),
(221, 2, 'Лепсинск', 'lepsinsk', '44.548301, 77.474240'),
(222, 2, 'М.Туймебаева', 'm-tuymebaeva', '44.548301, 77.474240'),
(223, 2, 'Мадениет', 'madeniet', '44.548301, 77.474240'),
(224, 2, 'Маловодное', 'malovodnoe', '44.548301, 77.474240'),
(225, 2, 'Междуреченск', 'mezhdurechensk', '44.548301, 77.474240'),
(226, 2, 'Мерей', 'merey', '44.548301, 77.474240'),
(227, 2, 'Музей Жамбыла', 'muzey-zhambyla', '44.548301, 77.474240'),
(228, 2, 'Мынбаев', 'mynbaev', '44.548301, 77.474240'),
(229, 2, 'Нарынкол', 'narynkol', '44.548301, 77.474240'),
(230, 2, 'Нура', 'nura', '44.548301, 77.474240'),
(231, 2, 'Остемир', 'ostemir', '44.548301, 77.474240'),
(232, 2, 'Отеген батыр', 'otegen-batyr', '44.548301, 77.474240'),
(233, 2, 'Панфилова', 'panfilova', '44.548301, 77.474240'),
(234, 2, 'Первомайский', 'pervomayskiy', '44.548301, 77.474240'),
(235, 2, 'Райымбек', 'rayymbek', '44.548301, 77.474240'),
(236, 2, 'Рахат', 'rahat', '44.548301, 77.474240'),
(237, 2, 'Ремизовка', 'remizovka', '44.548301, 77.474240'),
(238, 2, 'Саймасай', 'saymasay', '44.548301, 77.474240'),
(239, 2, 'Самсы', 'samsy', '44.548301, 77.474240'),
(240, 2, 'Сарканд', 'sarkand', '44.548301, 77.474240'),
(241, 2, 'Сарыозек', 'saryozek', '44.548301, 77.474240'),
(242, 2, 'Станция-Шамалган', 'stanciya-shamalgan', '44.548301, 77.474240'),
(243, 2, 'Сункар', 'sunkar', '44.548301, 77.474240'),
(244, 2, 'Талап', 'talap', '44.548301, 77.474240'),
(245, 2, 'Талгар', 'talgar', '44.548301, 77.474240'),
(246, 2, 'Талдыбулак', 'taldybulak', '44.548301, 77.474240'),
(247, 2, 'Тастыбулак', 'tastybulak', '44.548301, 77.474240'),
(248, 2, 'Тау Жолы', 'tau-zholy', '44.548301, 77.474240'),
(249, 2, 'Таусамал', 'tausamal', '44.548301, 77.474240'),
(250, 2, 'Текели', 'tekeli', '44.548301, 77.474240'),
(251, 2, 'Теректы', 'terekty', '44.548301, 77.474240'),
(252, 2, 'Тонкерис', 'tonkeris', '44.548301, 77.474240'),
(253, 2, 'Туздыбастау', 'tuzdybastau', '44.548301, 77.474240'),
(254, 2, 'Турар', 'turar', '44.548301, 77.474240'),
(255, 2, 'Турген', 'turgen', '44.548301, 77.474240'),
(256, 2, 'Узынагаш', 'uzynagash', '44.548301, 77.474240'),
(257, 2, 'Улан', 'ulan', '44.548301, 77.474240'),
(258, 2, 'Улькен', 'ulken', '44.548301, 77.474240'),
(259, 2, 'Унгуртас', 'ungurtas', '44.548301, 77.474240'),
(260, 2, 'Ушконыр', 'ushkonyr', '44.548301, 77.474240'),
(261, 2, 'Уштобе', 'ushtobe', '44.548301, 77.474240'),
(262, 2, 'Хоргос', 'horgos', '44.548301, 77.474240'),
(263, 2, 'Хусаина Бижанова', 'husaina-bizhanova', '44.548301, 77.474240'),
(264, 2, 'Чапаево', 'chapaevo', '44.548301, 77.474240'),
(265, 2, 'Чунджа', 'chundzha', '44.548301, 77.474240'),
(266, 2, 'Шалкар', 'shalkar', '44.548301, 77.474240'),
(267, 2, 'Шамаган', 'shamagan', '44.548301, 77.474240'),
(268, 2, 'Шелек', 'shelek', '44.548301, 77.474240'),
(269, 2, 'Шелекемир', 'shelekemir', '44.548301, 77.474240'),
(270, 2, 'Шенгельды', 'shengeldy', '44.548301, 77.474240'),
(271, 2, 'Шубар', 'shubar', '44.548301, 77.474240'),
(272, 2, 'Ынтымак', 'yntymak', '44.548301, 77.474240'),
(273, 2, 'Энергетик', 'energetik', '44.548301, 77.474240'),
(274, 3, 'Аккыстау', 'akkystau', '47.490698, 52.093519'),
(275, 3, 'Ганюшкино', 'ganyushkino', '46.607882, 49.271246'),
(276, 3, 'Доссор', 'dossor', '47.530278, 52.974578'),
(277, 3, 'Индер', 'inder', '47.490698, 52.093519'),
(278, 3, 'Индерборский', 'inderborskiy', '48.555598, 51.744218'),
(279, 3, 'Исатай', 'isatay', '46.797812, 50.068869'),
(280, 3, 'Макат', 'makat', '47.648036, 53.342536'),
(281, 3, 'Махамбет', 'mahambet', '47.670673, 51.584902'),
(282, 3, 'Миялы', 'miyaly', '48.882933, 53.795988'),
(283, 4, 'Акжар', 'akzhar', '47.078597, 81.590501'),
(284, 4, 'Аксуат', 'aksuat', '47.761529, 82.806056'),
(285, 4, 'Актогай', 'aktogay', '46.945388, 79.676919'),
(286, 4, 'Алтай', 'altay', '49.725608, 84.274505'),
(287, 4, 'Асу-Булак', 'asu-bulak', '48.793012, 81.488910'),
(288, 4, 'Ауэзов', 'auezov', '49.716383, 81.588785'),
(289, 4, 'Аягоз', 'ayagoz', '47.965266, 80.436238'),
(290, 4, 'Баршатас', 'barshatas', '48.173318, 78.665766'),
(291, 4, 'Белоусовка', 'belousovka', '50.131915, 82.522656'),
(292, 4, 'Бескарагай', 'beskaragay', '50.885996, 79.480987'),
(293, 4, 'Бородулиха', 'boroduliha', '50.713574, 80.936249'),
(294, 4, 'Глубокое', 'glubokoe', '50.149327, 82.313564'),
(295, 4, 'Жезкент', 'zhezkent', '50.920259, 81.393770'),
(296, 4, 'Зайсан', 'zaysan', '47.467605, 84.876376'),
(297, 4, 'Калбатау', 'kalbatau', '49.328478, 81.570567'),
(298, 4, 'Караул', 'karaul', '49.578522, 79.890008'),
(299, 4, 'Касыма Кайсенова', 'kasyma-kaysenova', '48.793012, 81.488910'),
(300, 4, 'Катон-Карагай', 'katon-karagay', '49.172500, 85.600454'),
(301, 4, 'Кокпекты', 'kokpekty', '48.754198, 82.385573'),
(302, 4, 'Курчатов', 'kurchatov', '50.754900, 78.544826'),
(303, 4, 'Курчум', 'kurchum', '48.567732, 83.650266'),
(304, 4, 'Маканчи', 'makanchi', '46.781622, 82.023857'),
(305, 4, 'Новая-Бухтарма', 'novaya-buhtarma', '49.627219, 83.518851'),
(306, 4, 'Новая-Шульба', 'novaya-shulba', '50.541881, 81.327735'),
(307, 4, 'Риддер', 'ridder', '50.338855, 83.506320'),
(308, 4, 'Самарское', 'samarskoe', '49.021268, 83.363613'),
(309, 4, 'Серебрянск', 'serebryansk', '49.679563, 83.300579'),
(310, 4, 'Таврическое', 'tavricheskoe', '50.166923, 82.056951'),
(311, 4, 'Улькен-Нарын', 'ulken-naryn', '49.213089, 84.510708'),
(312, 4, 'Урджар', 'urdzhar', '47.087384, 81.630889'),
(313, 4, 'Черемшанка', 'cheremshanka', '50.275675, 83.051152'),
(314, 4, 'Шар', 'shar', '49.584958, 81.047164'),
(315, 4, 'Шульбинск', 'shulbinsk', '50.388358, 81.066576'),
(316, 5, 'Акколь', 'akkol', '42.843144, 71.072981'),
(317, 5, 'Асса', 'assa', '43.014749, 71.082359'),
(318, 5, 'Байзак', 'bayzak', '42.977381, 71.529441'),
(319, 5, 'Бауыржана-Мамышулы', 'bauyrzhana-mamyshuly', '42.619044, 70.764328'),
(320, 5, 'Жанатас', 'zhanatas', '43.554650, 69.722516'),
(321, 5, 'Каратау', 'karatau', '43.179555, 70.465441'),
(322, 5, 'Кордай', 'korday', '43.046040, 74.708076'),
(323, 5, 'Кулан', 'kulan', '42.909253, 72.709980'),
(324, 5, 'Мерке', 'merke', '42.872481, 73.190130'),
(325, 5, 'Мойынкум', 'moyynkum', '44.284775, 72.943282'),
(326, 5, 'Отар', 'otar', '43.534923, 75.212983'),
(327, 5, 'Сарыкемер', 'sarykemer', '43.008170, 71.512508'),
(328, 5, 'Саудакент', 'saudakent', '43.737426, 69.913139'),
(329, 5, 'Толе-би', 'tole-bi', '43.675876, 73.761980'),
(330, 5, 'Шу', 'shu', '43.611782, 73.760237'),
(331, 5, 'Шыганак', 'shyganak', '45.104944, 73.981366'),
(332, 6, 'Уральск', 'uralsk', '51.204019, 51.370537'),
(333, 6, 'Акжаик', 'akzhaik', '50.773457, 51.232672'),
(334, 6, 'Аксай', 'aksay', '51.165499, 53.021901'),
(335, 6, 'Дарьинское', 'darinskoe', '51.354295, 51.751162'),
(336, 6, 'Жалпактал', 'zhalpaktal', '49.666767, 49.474337'),
(337, 6, 'Жангала', 'zhangala', '49.215572, 50.302871'),
(338, 6, 'Жанибек', 'zhanibek', '49.419345, 46.848319'),
(339, 6, 'Жампиты', 'zhampity', '50.259069, 52.603079'),
(340, 6, 'Казталовка', 'kaztalovka', '49.765075, 48.692201'),
(341, 6, 'Каратобе', 'karatobe', '49.691290, 53.505042'),
(342, 6, 'Переметное', 'peremetnoe', '51.196919, 50.853772'),
(343, 6, 'Сайхин', 'sayhin', '48.814677, 46.766177'),
(344, 6, 'Тайпак', 'taypak', '49.034600, 51.828327'),
(345, 6, 'Таскала', 'taskala', '51.106196, 50.287357'),
(346, 6, 'Трекино', 'trekino', '51.288483, 51.584911'),
(347, 6, 'Федоровка', 'fedorovka', '51.224534, 51.963802'),
(348, 6, 'Чапаев', 'chapaev', '50.190742, 51.170760'),
(349, 6, 'Чингирлау', 'chingirlau', '51.101796, 54.085156'),
(350, 7, 'Балхаш', 'balhash', '46.839326, 74.983356'),
(351, 7, 'Жезказган', 'zhezkazgan', '47.804335, 67.714566'),
(352, 7, 'Караганда', 'karaganda', '49.807754, 73.088504'),
(353, 7, 'Темиртау', 'temirtau', '50.058756, 72.953424'),
(354, 7, 'Абай', 'abay', '49.632319, 72.859496'),
(355, 7, 'Акадыр', 'akadyr', '48.261346, 72.859182'),
(356, 7, 'Аксу-Аюлы', 'aksu-ayuly', '48.768143, 73.672912'),
(357, 7, 'Актас', 'aktas', '49.778416, 72.964078'),
(358, 7, 'Атасу', 'atasu', '48.684797, 71.646420'),
(359, 7, 'Ботакара', 'botakara', '50.063457, 73.710111'),
(360, 7, 'Габидена-Мустафина', 'gabidena-mustafina', '50.140016, 73.175568'),
(361, 7, 'Егиндыбулак', 'egindybulak', '49.786140, 76.385815'),
(362, 7, 'Жайрем', 'zhayrem', '48.333107, 70.161092'),
(363, 7, 'Жезды', 'zhezdy', '48.058857, 67.054870'),
(364, 7, 'Каражал', 'karazhal', '48.001042, 70.785762'),
(365, 7, 'Каркаралинск', 'karkaralinsk', '49.412283, 75.470117'),
(366, 7, 'Киевка', 'kievka', '50.261770, 71.548216'),
(367, 7, 'Молодёжное', 'molodezhnoe', '50.615463, 73.060647'),
(368, 7, 'Оскаровка', 'oskarovka', '50.564808, 72.568424'),
(369, 7, 'Приозёрск', 'priozersk', '46.028130, 73.708997'),
(370, 7, 'Сакена-Сейфуллина', 'sakena-seyfullina', '48.854214, 72.833373'),
(371, 7, 'Сарань', 'saran', '49.801993, 72.828378'),
(372, 7, 'Сарышаган', 'saryshagan', '46.115351, 73.619264'),
(373, 7, 'Сатпаев', 'satpaev', '47.900388, 67.537697'),
(374, 7, 'Топар', 'topar', '49.521127, 72.827157'),
(375, 7, 'Улытау', 'ulytau', '48.654761, 67.009388'),
(376, 7, 'Шахан', 'shahan', '49.818549, 72.653935'),
(377, 7, 'Шахтинск', 'shahtinsk', '49.707604, 72.589723'),
(378, 7, 'Шашубай', 'shashubay', '46.804092, 75.025541'),
(379, 8, 'Костанай', 'kostanay', '53.214480, 63.632073'),
(380, 8, 'Рудный', 'rudnyy', '52.964432, 63.133392'),
(381, 8, 'Амангельды', 'amangeldy', '52.356939, 65.048420'),
(382, 8, 'Аманкарагай', 'amankaragay', '52.402776, 64.088031'),
(383, 8, 'Аркалык', 'arkalyk', '50.252964, 66.913799'),
(384, 8, 'Аулиеколь', 'auliekol', '52.363819, 64.135283'),
(385, 8, 'Боровское', 'borovskoe', '53.795151, 64.183351'),
(386, 8, 'Денисовка', 'denisovka', '52.439315, 61.744587'),
(387, 8, 'Житикара', 'zhitikara', '52.183911, 61.189797'),
(388, 8, 'Затобольск', 'zatobolsk', '53.200566, 63.691973'),
(389, 8, 'Каменскуральское', 'kamenskuralskoe', '53.884036, 64.396396'),
(390, 8, 'Камысты', 'kamysty', '51.964331, 61.784221'),
(391, 8, 'Карабалык', 'karabalyk', '53.752352, 62.054838'),
(392, 8, 'Караменды', 'karamendy', '51.656640, 64.222500'),
(393, 8, 'Карасу', 'karasu', '52.659835, 65.485693'),
(394, 8, 'Качар', 'kachar', '53.368432, 62.867329'),
(395, 8, 'Кушмурун', 'kushmurun', '52.451462, 64.610339'),
(396, 8, 'Лисаковск', 'lisakovsk', '52.544216, 62.492632'),
(397, 8, 'Надеждинка', 'nadezhdinka', '53.760294, 63.743249'),
(398, 8, 'Октябрьское', 'oktyabrskoe', '52.110433, 65.675193'),
(399, 8, 'Сарыколь', 'sarykol', '53.316822, 65.536295'),
(400, 8, 'Тарановское', 'taranovskoe', '52.835009, 62.516536'),
(401, 8, 'Табыл', 'tabyl', '51.602478, 64.015555'),
(402, 8, 'Торгай', 'torgay', '49.632441, 63.491828'),
(403, 8, 'Убаганское', 'ubaganskoe', '53.081407, 64.296117'),
(404, 8, 'Узунколь', 'uzunkol', '54.045149, 65.343400'),
(405, 8, 'Федоровка', 'fedorovka', '54.227512, 65.500147'),
(406, 9, 'Кызылорда', 'kyzylorda', '44.842557, 65.502545'),
(407, 9, 'Айтеке-би', 'ayteke-bi', '45.845471, 62.153770'),
(408, 9, 'Аральск', 'aralsk', '46.800712, 61.656247'),
(409, 9, 'Байконыр', 'baykonyr', '45.622653, 63.315866'),
(410, 9, 'Жалагаш', 'zhalagash', '45.080275, 64.681333'),
(411, 9, 'Жанакорган', 'zhanakorgan', '43.900451, 67.243723'),
(412, 9, 'Жосалы', 'zhosaly', '45.488489, 64.086666'),
(413, 9, 'Казалинск', 'kazalinsk', '45.763971, 62.104668'),
(414, 9, 'Саксаульский', 'saksaulskiy', '47.082733, 61.153271'),
(415, 9, 'Теренозек', 'terenozek', '45.053372, 64.985412'),
(416, 9, 'Шиели', 'shieli', '44.177795, 66.731387'),
(417, 10, 'Актау', 'aktau', '43.635601, 51.168254'),
(418, 10, 'Акшукур', 'akshukur', '44.122553, 53.722021'),
(419, 10, 'Бейнеу', 'beyneu', '45.322946, 55.188862'),
(420, 10, 'Жанаозен', 'zhanaozen', '43.343266, 52.865792'),
(421, 10, 'Жетыбай', 'zhetybay', '43.587745, 52.102242'),
(422, 10, 'Курык', 'kuryk', '43.178214, 51.679423'),
(423, 10, 'Саина-Шапагатова', 'saina-shapagatova', '43.851709, 51.032627'),
(424, 10, 'Форт-Шевченко', 'fort-shevchenko', '44.501497, 50.258737'),
(425, 10, 'Шайыр', 'shayyr', '44.243080, 51.816721'),
(426, 10, 'Шетпе', 'shetpe', '44.138644, 52.159752'),
(427, 11, 'Калкаман', 'kalkaman', '51.953153, 76.025635'),
(428, 11, 'Ленинский', 'leninskiy', '52.252301, 76.782906'),
(429, 11, 'Сольветка', 'solvetka', '52.015082, 76.508821'),
(430, 12, 'Петропавловск', 'petropavlovsk', '54.861855, 69.139617'),
(431, 12, 'Арыкбалык', 'arykbalyk', '52.953718, 68.205199'),
(432, 12, 'Белоградовка', 'belogradovka', '53.464475, 66.630039'),
(433, 12, 'Бишкуль', 'bishkul', '54.773029, 69.102265'),
(434, 12, 'Булаево', 'bulaevo', '54.902315, 70.446127'),
(435, 12, 'Кишкенеколь', 'kishkenekol', '53.640013, 72.331017'),
(436, 12, 'Мамлютка', 'mamlyutka', '54.939610, 68.544501'),
(437, 12, 'Новоишимский', 'novoishimskiy', '53.668040, 67.982794'),
(438, 12, 'Пресновка', 'presnovka', '54.671534, 67.158194'),
(439, 12, 'Саумалколь', 'saumalkol', '53.294454, 68.104138'),
(440, 12, 'Сергеевка', 'sergeevka', '53.881128, 67.414403'),
(441, 12, 'Смирново', 'smirnovo', '54.515649, 69.416945'),
(442, 12, 'Тайынша', 'tayynsha', '53.852738, 69.782631'),
(443, 12, 'Талшик', 'talshik', '53.638272, 71.870622'),
(444, 12, 'Тимирязево', 'timiryazevo', '53.748193, 66.492067'),
(445, 12, 'Чкалово', 'chkalovo', '53.625228, 70.434072'),
(446, 12, 'Явленка', 'yavlenka', '54.346585, 68.458254'),
(447, 13, 'Туркестан', 'turkestan', '43.301986, 68.270345'),
(448, 13, 'Шымкент', 'shymkent', '41.215266, 68.356502'),
(449, 13, 'Абай', 'abay', '41.348521, 68.945060'),
(450, 13, 'Аксукент', 'aksukent', '42.420712, 69.828652'),
(451, 13, 'Арысь', 'arys', '42.432738, 68.813798'),
(452, 13, 'Асыката', 'asykata', '40.895671, 68.367129'),
(453, 13, 'Атакент', 'atakent', '40.844261, 68.511470'),
(454, 13, 'Жетысай', 'zhetysay', '40.774313, 68.327442'),
(455, 13, 'Казыгурт', 'kazygurt', '41.755360, 69.380519'),
(456, 13, 'Карабулак', 'karabulak', '42.531386, 69.773873'),
(457, 13, 'Кентау', 'kentau', '43.518131, 68.504652'),
(458, 13, 'Ленгер', 'lenger', '42.182051, 69.882120'),
(459, 13, 'Сарыагаш', 'saryagash', '41.465193, 69.172091'),
(460, 13, 'Темирлановка', 'temirlanovka', '42.599131, 69.256309'),
(461, 13, 'Турара-Рыскулова', 'turara-ryskulova', '42.534675, 70.350564'),
(462, 13, 'Чулаккурган', 'chulakkurgan', '43.763682, 69.177742'),
(463, 13, 'Шардара', 'shardara', '41.256922, 67.968852'),
(464, 13, 'Шаульдер', 'shaulder', '42.774800, 68.371576'),
(465, 13, 'Шаян', 'shayan', '43.032169, 69.381210');

-- --------------------------------------------------------

--
-- Структура таблицы `kz_region`
--

CREATE TABLE `kz_region` (
  `region_id` int(2) UNSIGNED NOT NULL,
  `name` varchar(64) NOT NULL DEFAULT '',
  `url` varchar(40) NOT NULL
) ENGINE=InnoDB DEFAULT CHARSET=utf8;

--
-- Дамп данных таблицы `kz_region`
--

INSERT INTO `kz_region` (`region_id`, `name`, `url`) VALUES
(0, 'Актюбинская', 'aktyubinskaya-oblast'),
(1, 'Акмолинская', 'akmolinskaya-oblast'),
(2, 'Алматинская', 'almatinskaya-oblast'),
(3, 'Атырауская', 'atyrauskaya-oblast'),
(4, 'Восточно-Казахстанская', 'vostochno-kazahstanskaya-oblast'),
(5, 'Жамбылская', 'zhambylskaya-oblast'),
(6, 'Западно-Казахстанская', 'zapadno-kazahstanskaya-oblast'),
(7, 'Карагандинская', 'karagandinskaya-oblast'),
(8, 'Костанайская', 'kostanayskaya-oblast'),
(9, 'Кызылординская', 'kyzylordinskaya-oblast'),
(10, 'Мангистауская', 'mangistauskaya-oblast'),
(11, 'Павлодарская', 'pavlodarskaya-oblast'),
(12, 'Северо-Казахстанская', 'severo-kazahstanskaya-oblast'),
(13, 'Туркестанская', 'turkestanskaya-oblast');

-- --------------------------------------------------------

--
-- Структура таблицы `meta`
--

CREATE TABLE `meta` (
  `id` int(10) UNSIGNED NOT NULL,
  `title` int(100) NOT NULL,
  `description` int(100) NOT NULL,
  `keywords` int(100) NOT NULL,
  `element_id` int(10) UNSIGNED NOT NULL,
  `lang` int(1) UNSIGNED NOT NULL
) ENGINE=InnoDB DEFAULT CHARSET=utf8;

-- --------------------------------------------------------

--
-- Структура таблицы `migrations`
--

CREATE TABLE `migrations` (
  `id` int(10) UNSIGNED NOT NULL,
  `migration` varchar(191) COLLATE utf8mb4_unicode_ci NOT NULL,
  `batch` int(11) NOT NULL
) ENGINE=InnoDB DEFAULT CHARSET=utf8mb4 COLLATE=utf8mb4_unicode_ci;

--
-- Дамп данных таблицы `migrations`
--

INSERT INTO `migrations` (`id`, `migration`, `batch`) VALUES
(1, '2014_10_12_000000_create_users_table', 1),
(2, '2014_10_12_100000_create_password_resets_table', 1),
(3, '2018_06_05_144053_create_sessions_table', 2),
(5, '2019_02_25_102341_create_cache_table', 4),
(6, '2019_03_04_000000_create_canceled_table', 5),
(12, '2019_02_08_131327_create_failed_jobs_table', 6),
(13, '2019_02_08_131327_create_jobs_table', 6),
(14, '2021_02_09_012314_create_adex_color_table', 0),
(15, '2021_02_09_012314_create_adex_srochno_table', 0),
(16, '2021_02_09_012314_create_adex_top_table', 0),
(17, '2021_02_09_012314_create_admins_table', 0),
(18, '2021_02_09_012314_create_adverts_table', 0),
(19, '2021_02_09_012314_create_articles_table', 0),
(20, '2021_02_09_012314_create_cache_table', 0),
(21, '2021_02_09_012314_create_canceled_table', 0),
(22, '2021_02_09_012314_create_car_generation_table', 0),
(23, '2021_02_09_012314_create_car_mark_table', 0),
(24, '2021_02_09_012314_create_car_model_table', 0),
(25, '2021_02_09_012314_create_car_modification_table', 0),
(26, '2021_02_09_012314_create_car_serie_table', 0),
(27, '2021_02_09_012314_create_car_type_table', 0),
(28, '2021_02_09_012314_create_categories_table', 0),
(29, '2021_02_09_012314_create_complaints_table', 0),
(30, '2021_02_09_012314_create_dealtype_table', 0),
(31, '2021_02_09_012314_create_failed_jobs_table', 0),
(32, '2021_02_09_012314_create_images_table', 0),
(33, '2021_02_09_012314_create_jobs_table', 0),
(34, '2021_02_09_012314_create_kz_city_table', 0),
(35, '2021_02_09_012314_create_kz_region_table', 0),
(36, '2021_02_09_012314_create_meta_table', 0),
(37, '2021_02_09_012314_create_moderators_table', 0),
(38, '2021_02_09_012314_create_password_resets_table', 0),
(39, '2021_02_09_012314_create_sessions_table', 0),
(40, '2021_02_09_012314_create_socials_table', 0),
(41, '2021_02_09_012314_create_storages_table', 0),
(42, '2021_02_09_012314_create_sub_animals_table', 0),
(43, '2021_02_09_012314_create_sub_appliances_table', 0),
(44, '2021_02_09_012314_create_sub_forhome_table', 0),
(45, '2021_02_09_012314_create_sub_hobbiesandleisure_table', 0),
(46, '2021_02_09_012314_create_sub_other_table', 0),
(47, '2021_02_09_012314_create_sub_personaleffects_table', 0),
(48, '2021_02_09_012314_create_sub_realestate_table', 0),
(49, '2021_02_09_012314_create_sub_services_table', 0),
(50, '2021_02_09_012314_create_sub_transport_table', 0),
(51, '2021_02_09_012314_create_sub_workandbuisness_table', 0),
(52, '2021_02_09_012314_create_subcats_table', 0),
(53, '2021_02_09_012314_create_transport_gruzovoy_table', 0),
(54, '2021_02_09_012314_create_transport_legkovoy_table', 0),
(55, '2021_02_09_012314_create_transport_moto_table', 0),
(56, '2021_02_09_012314_create_transport_retro_table', 0),
(57, '2021_02_09_012314_create_transport_spec_table', 0),
(58, '2021_02_09_012314_create_transport_velo_table', 0),
(59, '2021_02_09_012314_create_transport_vodn_table', 0),
(60, '2021_02_09_012314_create_transport_vozd_table', 0),
(61, '2021_02_09_012314_create_urls_table', 0),
(62, '2021_02_09_012314_create_users_table', 0);

-- --------------------------------------------------------

--
-- Структура таблицы `moderators`
--

CREATE TABLE `moderators` (
  `id` int(3) UNSIGNED NOT NULL,
  `email` varchar(20) CHARACTER SET utf8 NOT NULL
) ENGINE=InnoDB DEFAULT CHARSET=utf8mb4 COLLATE=utf8mb4_unicode_ci;

-- --------------------------------------------------------

--
-- Структура таблицы `password_resets`
--

CREATE TABLE `password_resets` (
  `email` varchar(191) COLLATE utf8mb4_unicode_ci NOT NULL,
  `token` varchar(191) COLLATE utf8mb4_unicode_ci NOT NULL,
  `created_at` timestamp NULL DEFAULT NULL
) ENGINE=InnoDB DEFAULT CHARSET=utf8mb4 COLLATE=utf8mb4_unicode_ci;

--
-- Дамп данных таблицы `password_resets`
--

INSERT INTO `password_resets` (`email`, `token`, `created_at`) VALUES
('123@mail.ru', '$2y$10$Uxs5eLchx.X.BfXNjwcl0.AKtJK293y1odFB8u/Nhe1UiO3p.n/ry', '2019-02-08 07:29:28'),
('heksen84@yandex.ru', '$2y$10$dfatCZzjIHq1uG.TeioKIOJRALnU0bAoit4U67VwVd3SFZSEaqGRC', '2020-01-21 03:02:50'),
('ilya@mail.ru', '$2y$10$gQxIji91xre0P41Iyu.WyueO0YxY5FiV9siEFP6drKFd.eJgbSKNu', '2020-09-05 14:29:55');

-- --------------------------------------------------------

--
-- Структура таблицы `sessions`
--

CREATE TABLE `sessions` (
  `id` varchar(191) COLLATE utf8mb4_unicode_ci NOT NULL,
  `user_id` int(10) UNSIGNED DEFAULT NULL,
  `ip_address` varchar(45) COLLATE utf8mb4_unicode_ci DEFAULT NULL,
  `user_agent` text COLLATE utf8mb4_unicode_ci DEFAULT NULL,
  `payload` text COLLATE utf8mb4_unicode_ci NOT NULL,
  `last_activity` int(11) NOT NULL
) ENGINE=InnoDB DEFAULT CHARSET=utf8mb4 COLLATE=utf8mb4_unicode_ci;

-- --------------------------------------------------------

--
-- Структура таблицы `se_userqueries`
--

CREATE TABLE `se_userqueries` (
  `id` int(10) UNSIGNED NOT NULL,
  `title` varchar(100) CHARACTER SET utf8 NOT NULL,
  `region_id` int(10) UNSIGNED NOT NULL,
  `place_id` int(10) UNSIGNED NOT NULL,
  `category_id` int(2) UNSIGNED NOT NULL,
  `subcategory_id` int(2) UNSIGNED NOT NULL,
  `optype` int(1) UNSIGNED NOT NULL,
  `updated_at` timestamp NOT NULL,
  `created_at` timestamp NOT NULL
) ENGINE=InnoDB DEFAULT CHARSET=utf8mb4 COLLATE=utf8mb4_unicode_ci;

--
-- Дамп данных таблицы `se_userqueries`
--

INSERT INTO `se_userqueries` (`id`, `title`, `region_id`, `place_id`, `category_id`, `subcategory_id`, `optype`, `updated_at`, `created_at`) VALUES
(1, 'объявления алтай зыряновск барахолка\r\n', 0, 0, 0, 0, 0, '2021-03-13 06:00:51', '2021-03-13 06:00:51'),
(2, 'доска объявлений город щучинск\r\n', 0, 0, 0, 0, 0, '2021-03-13 06:00:51', '2021-03-13 06:00:51'),
(3, 'вакансии в усть каменогорске на сегодняшний день\r\n', 0, 0, 0, 0, 0, '2021-03-13 06:00:51', '2021-03-13 06:00:51'),
(4, 'сарыколь объявления\r\n', 0, 0, 0, 0, 0, '2021-03-13 06:00:51', '2021-03-13 06:00:51'),
(5, 'работа в усть каменогорске свежие вакансии\r\n', 0, 0, 0, 0, 0, '2021-03-13 06:00:51', '2021-03-13 06:00:51'),
(6, 'продажа авто в усть каменогорске\r\n', 0, 0, 0, 0, 0, '2021-03-13 06:00:51', '2021-03-13 06:00:51'),
(7, 'знакомства усть каменогорск\r\n', 0, 0, 0, 0, 0, '2021-03-13 06:00:51', '2021-03-13 06:00:51'),
(8, 'массажистки алматы частные объявления\r\n', 0, 0, 0, 0, 0, '2021-03-13 06:00:51', '2021-03-13 06:00:51'),
(9, 'купить квартиру в усть каменогорске\r\n', 0, 0, 0, 0, 0, '2021-03-13 06:00:51', '2021-03-13 06:00:51'),
(10, '1000 объявлений усть каменогорск недвижимость\r\n', 0, 0, 0, 0, 0, '2021-03-13 06:00:51', '2021-03-13 06:00:51'),
(11, '1000 объявлений усть каменогорск\r\n', 0, 0, 0, 0, 0, '2021-03-13 06:00:51', '2021-03-13 06:00:51'),
(12, 'продажа квартир в усть каменогорске\r\n', 0, 0, 0, 0, 0, '2021-03-13 06:00:51', '2021-03-13 06:00:51'),
(13, 'работа в атырау требуется\r\n', 0, 0, 0, 0, 0, '2021-03-13 06:00:51', '2021-03-13 06:00:51'),
(14, 'вакансии в усть каменогорске\r\n', 0, 0, 0, 0, 0, '2021-03-13 06:00:51', '2021-03-13 06:00:51'),
(15, 'продажа дач в усть каменогорске свежие\r\n', 0, 0, 0, 0, 0, '2021-03-13 06:00:51', '2021-03-13 06:00:51'),
(16, 'работа в петропавловске казахстан свежие вакансии\r\n', 0, 0, 0, 0, 0, '2021-03-13 06:00:51', '2021-03-13 06:00:51'),
(17, 'объявления ок щучинск\r\n', 0, 0, 0, 0, 0, '2021-03-13 06:00:51', '2021-03-13 06:00:51'),
(18, 'купить дачу в усть каменогорске\r\n', 0, 0, 0, 0, 0, '2021-03-13 06:00:51', '2021-03-13 06:00:51'),
(19, 'купить дом в усть каменогорске\r\n', 0, 0, 0, 0, 0, '2021-03-13 06:00:51', '2021-03-13 06:00:51'),
(20, 'продажа домов в усть каменогорске\r\n', 0, 0, 0, 0, 0, '2021-03-13 06:00:51', '2021-03-13 06:00:51'),
(21, 'объявления в усть каменогорске\r\n', 0, 0, 0, 0, 0, '2021-03-13 06:00:51', '2021-03-13 06:00:51'),
(22, 'объявления в жезкенте\r\n', 0, 0, 0, 0, 0, '2021-03-13 06:00:51', '2021-03-13 06:00:51'),
(23, 'купить уаз в усть каменогорске\r\n', 0, 0, 0, 0, 0, '2021-03-13 06:00:51', '2021-03-13 06:00:51'),
(24, 'недвижимость в усть каменогорске\r\n', 0, 0, 0, 0, 0, '2021-03-13 06:00:51', '2021-03-13 06:00:51'),
(25, 'доска объявлений щучинск\r\n', 0, 0, 0, 0, 0, '2021-03-13 06:00:51', '2021-03-13 06:00:51'),
(26, 'свежие вакансии в усть каменогорске на сегодня\r\n', 0, 0, 0, 0, 0, '2021-03-13 06:00:51', '2021-03-13 06:00:51'),
(27, 'путаны усть каменогорск\r\n', 0, 0, 0, 0, 0, '2021-03-13 06:00:51', '2021-03-13 06:00:51'),
(28, 'сайт 1 в усть каменогорске\r\n', 0, 0, 0, 0, 0, '2021-03-13 06:00:51', '2021-03-13 06:00:51'),
(29, 'поиск работы в усть каменогорске\r\n', 0, 0, 0, 0, 0, '2021-03-13 06:00:51', '2021-03-13 06:00:51'),
(30, 'азия авто усть каменогорск\r\n', 0, 0, 0, 0, 0, '2021-03-13 06:00:51', '2021-03-13 06:00:51'),
(31, 'знакомства в усть каменогорске бесплатно\r\n', 0, 0, 0, 0, 0, '2021-03-13 06:00:51', '2021-03-13 06:00:51'),
(32, 'работа в атырау требуется водитель\r\n', 0, 0, 0, 0, 0, '2021-03-13 06:00:51', '2021-03-13 06:00:51'),
(33, 'учитель усть каменогорск\r\n', 0, 0, 0, 0, 0, '2021-03-13 06:00:51', '2021-03-13 06:00:51'),
(34, 'доска объявлении с новоишимское\r\n', 0, 0, 0, 0, 0, '2021-03-13 06:00:51', '2021-03-13 06:00:51'),
(35, '1000 объявлений усть каменогорск частные объявления\r\n', 0, 0, 0, 0, 0, '2021-03-13 06:00:51', '2021-03-13 06:00:51'),
(36, 'работа усть каменогорск 1000\r\n', 0, 0, 0, 0, 0, '2021-03-13 06:00:51', '2021-03-13 06:00:51'),
(37, 'сарыколь объявления одноклассники\r\n', 0, 0, 0, 0, 0, '2021-03-13 06:00:51', '2021-03-13 06:00:51'),
(39, 'купить мотоблок в усть каменогорске\r\n', 0, 0, 0, 0, 0, '2021-03-13 06:00:51', '2021-03-13 06:00:51'),
(40, 'доска объявлений абай\r\n', 0, 0, 0, 0, 0, '2021-03-13 06:00:51', '2021-03-13 06:00:51'),
(41, 'сити инфо усть каменогорск\r\n', 0, 0, 0, 0, 0, '2021-03-13 06:00:51', '2021-03-13 06:00:51'),
(42, 'доставка еды усть каменогорск\r\n', 0, 0, 0, 0, 0, '2021-03-13 06:00:51', '2021-03-13 06:00:51'),
(43, 'боровское доска объявлений\r\n', 0, 0, 0, 0, 0, '2021-03-13 06:00:51', '2021-03-13 06:00:51'),
(44, 'объявление работа петропавловск\r\n', 0, 0, 0, 0, 0, '2021-03-13 06:00:51', '2021-03-13 06:00:51'),
(45, 'рено дастер в усть каменогорске\r\n', 0, 0, 0, 0, 0, '2021-03-13 06:00:51', '2021-03-13 06:00:51'),
(46, 'промышленная усть каменогорск\r\n', 0, 0, 0, 0, 0, '2021-03-13 06:00:51', '2021-03-13 06:00:51'),
(47, 'объявления в риддере\r\n', 0, 0, 0, 0, 0, '2021-03-13 06:00:51', '2021-03-13 06:00:51'),
(48, 'доски усть каменогорск\r\n', 0, 0, 0, 0, 0, '2021-03-13 06:00:51', '2021-03-13 06:00:51'),
(49, 'купить телефон в усть каменогорске\r\n', 0, 0, 0, 0, 0, '2021-03-13 06:00:51', '2021-03-13 06:00:51'),
(50, 'работа в усть каменогорске вакансии\r\n', 0, 0, 0, 0, 0, '2021-03-13 06:00:51', '2021-03-13 06:00:51'),
(51, 'квартиры в усть каменогорске\r\n', 0, 0, 0, 0, 0, '2021-03-13 06:00:51', '2021-03-13 06:00:51'),
(52, 'найти работу в усть каменогорске свежие вакансии\r\n', 0, 0, 0, 0, 0, '2021-03-13 06:00:51', '2021-03-13 06:00:51'),
(53, 'мойки усть каменогорск\r\n', 0, 0, 0, 0, 0, '2021-03-13 06:00:51', '2021-03-13 06:00:51'),
(54, 'продажа дач в усть каменогорске\r\n', 0, 0, 0, 0, 0, '2021-03-13 06:00:51', '2021-03-13 06:00:51'),
(55, 'объявления в сарыколе\r\n', 0, 0, 0, 0, 0, '2021-03-13 06:00:51', '2021-03-13 06:00:51'),
(56, 'купить мотоцикл в усть каменогорске\r\n', 0, 0, 0, 0, 0, '2021-03-13 06:00:51', '2021-03-13 06:00:51'),
(57, 'евромебель в усть каменогорске\r\n', 0, 0, 0, 0, 0, '2021-03-13 06:00:51', '2021-03-13 06:00:51'),
(58, 'авторазбор в усть каменогорске\r\n', 0, 0, 0, 0, 0, '2021-03-13 06:00:51', '2021-03-13 06:00:51'),
(59, 'продажа машин в усть каменогорске\r\n', 0, 0, 0, 0, 0, '2021-03-13 06:00:51', '2021-03-13 06:00:51'),
(60, 'куплю лада в усть каменогорске\r\n', 0, 0, 0, 0, 0, '2021-03-13 06:00:51', '2021-03-13 06:00:51'),
(61, 'акжайык газета атырау объявления\r\n', 0, 0, 0, 0, 0, '2021-03-13 06:00:51', '2021-03-13 06:00:51'),
(62, 'работа в петропавловске ско\r\n', 0, 0, 0, 0, 0, '2021-03-13 06:00:51', '2021-03-13 06:00:51'),
(63, 'купить автомобиль в усть каменогорске\r\n', 0, 0, 0, 0, 0, '2021-03-13 06:00:51', '2021-03-13 06:00:51'),
(64, 'объявление шахтинск\r\n', 0, 0, 0, 0, 0, '2021-03-13 06:00:51', '2021-03-13 06:00:51'),
(65, 'куплю митсубиси усть каменогорск\r\n', 0, 0, 0, 0, 0, '2021-03-13 06:00:51', '2021-03-13 06:00:51'),
(66, 'машины в усть каменогорске\r\n', 0, 0, 0, 0, 0, '2021-03-13 06:00:51', '2021-03-13 06:00:51'),
(67, 'квартиры посуточно в усть каменогорске\r\n', 0, 0, 0, 0, 0, '2021-03-13 06:00:51', '2021-03-13 06:00:51'),
(68, 'казахстан работа водитель петропавловске\r\n', 0, 0, 0, 0, 0, '2021-03-13 06:00:51', '2021-03-13 06:00:51'),
(69, 'атырау работа грузчик\r\n', 0, 0, 0, 0, 0, '2021-03-13 06:00:51', '2021-03-13 06:00:51'),
(70, '3 комнатные квартиры усть каменогорск купить\r\n', 0, 0, 0, 0, 0, '2021-03-13 06:00:51', '2021-03-13 06:00:51'),
(71, 'обьявление усть каменогорска\r\n', 0, 0, 0, 0, 0, '2021-03-13 06:00:51', '2021-03-13 06:00:51'),
(72, 'коробки усть каменогорск\r\n', 0, 0, 0, 0, 0, '2021-03-13 06:00:51', '2021-03-13 06:00:51'),
(73, 'доставка цветов усть каменогорск\r\n', 0, 0, 0, 0, 0, '2021-03-13 06:00:51', '2021-03-13 06:00:51'),
(74, 'праститутки усть каменогорска\r\n', 0, 0, 0, 0, 0, '2021-03-13 06:00:51', '2021-03-13 06:00:51'),
(75, 'отдам даром в усть каменогорске\r\n', 0, 0, 0, 0, 0, '2021-03-13 06:00:51', '2021-03-13 06:00:51'),
(76, 'доска объявлений ушарал\r\n', 0, 0, 0, 0, 0, '2021-03-13 06:00:51', '2021-03-13 06:00:51'),
(77, 'подработка в усть каменогорске с ежедневной оплатой\r\n', 0, 0, 0, 0, 0, '2021-03-13 06:00:51', '2021-03-13 06:00:51'),
(78, 'дачи в усть каменогорске продажа с фото\r\n', 0, 0, 0, 0, 0, '2021-03-13 06:00:52', '2021-03-13 06:00:52'),
(79, 'акжайык атырау объявления\r\n', 0, 0, 0, 0, 0, '2021-03-13 06:00:52', '2021-03-13 06:00:52'),
(80, 'работа атырау водитель\r\n', 0, 0, 0, 0, 0, '2021-03-13 06:00:52', '2021-03-13 06:00:52'),
(81, 'объявления эмба мал базар\r\n', 0, 0, 0, 0, 0, '2021-03-13 06:00:52', '2021-03-13 06:00:52'),
(82, 'аренда квартир в усть каменогорске\r\n', 0, 0, 0, 0, 0, '2021-03-13 06:00:52', '2021-03-13 06:00:52'),
(83, 'доски бесплатных объявлений в алматы\r\n', 0, 0, 0, 0, 0, '2021-03-13 06:00:52', '2021-03-13 06:00:52'),
(84, 'требуется водитель усть каменогорск\r\n', 0, 0, 0, 0, 0, '2021-03-13 06:00:52', '2021-03-13 06:00:52'),
(85, 'требуется в усть каменогорске\r\n', 0, 0, 0, 0, 0, '2021-03-13 06:00:52', '2021-03-13 06:00:52'),
(86, 'купить шины в усть каменогорске\r\n', 0, 0, 0, 0, 0, '2021-03-13 06:00:52', '2021-03-13 06:00:52'),
(87, 'ищу работу в усть каменогорске\r\n', 0, 0, 0, 0, 0, '2021-03-13 06:00:52', '2021-03-13 06:00:52'),
(88, 'продажа бизнеса усть каменогорске\r\n', 0, 0, 0, 0, 0, '2021-03-13 06:00:52', '2021-03-13 06:00:52'),
(89, 'подработка в усть каменогорске\r\n', 0, 0, 0, 0, 0, '2021-03-13 06:00:52', '2021-03-13 06:00:52'),
(90, 'усть каменогорск продажа тойота\r\n', 0, 0, 0, 0, 0, '2021-03-13 06:00:52', '2021-03-13 06:00:52'),
(91, 'купить компьютер в усть каменогорске\r\n', 0, 0, 0, 0, 0, '2021-03-13 06:00:52', '2021-03-13 06:00:52'),
(92, 'ноутбуки в усть каменогорске\r\n', 0, 0, 0, 0, 0, '2021-03-13 06:00:52', '2021-03-13 06:00:52'),
(93, 'объявления в акколе\r\n', 0, 0, 0, 0, 0, '2021-03-13 06:00:52', '2021-03-13 06:00:52'),
(94, 'доска объявлений маканчи\r\n', 0, 0, 0, 0, 0, '2021-03-13 06:00:52', '2021-03-13 06:00:52'),
(95, 'купить мерседес в усть каменогорске\r\n', 0, 0, 0, 0, 0, '2021-03-13 06:00:52', '2021-03-13 06:00:52'),
(96, 'шины в усть каменогорске\r\n', 0, 0, 0, 0, 0, '2021-03-13 06:00:52', '2021-03-13 06:00:52'),
(97, 'атырау работа инженер\r\n', 0, 0, 0, 0, 0, '2021-03-13 06:00:52', '2021-03-13 06:00:52'),
(98, 'работа грузчики петропавловск\r\n', 0, 0, 0, 0, 0, '2021-03-13 06:00:52', '2021-03-13 06:00:52'),
(99, 'объявление житикара\r\n', 0, 0, 0, 0, 0, '2021-03-13 06:00:52', '2021-03-13 06:00:52'),
(100, 'державинск объявления\r\n', 0, 0, 0, 0, 0, '2021-03-13 06:00:52', '2021-03-13 06:00:52'),
(101, 'требуется работа в атырау на сегодня свежие\r\n', 0, 0, 0, 0, 0, '2021-03-13 06:00:52', '2021-03-13 06:00:52'),
(102, 'серебрянск объявления\r\n', 0, 0, 0, 0, 0, '2021-03-13 06:00:52', '2021-03-13 06:00:52'),
(103, 'найти работу в атырау\r\n', 0, 0, 0, 0, 0, '2021-03-13 06:00:52', '2021-03-13 06:00:52'),
(104, 'вакансии водитель в усть каменогорске\r\n', 0, 0, 0, 0, 0, '2021-03-13 06:00:52', '2021-03-13 06:00:52'),
(105, 'бесплатные объявления балхаш\r\n', 0, 0, 0, 0, 0, '2021-03-13 06:00:52', '2021-03-13 06:00:52'),
(106, 'объявления города казахстана\r\n', 0, 0, 0, 0, 0, '2021-03-13 06:00:52', '2021-03-13 06:00:52'),
(107, 'автоэлектрик в усть каменогорске\r\n', 0, 0, 0, 0, 0, '2021-03-13 06:00:52', '2021-03-13 06:00:52'),
(108, 'купить дом усть каменогорск недорого\r\n', 0, 0, 0, 0, 0, '2021-03-13 06:00:52', '2021-03-13 06:00:52'),
(109, 'купить квартиру в усть каменогорске 2 комнатную\r\n', 0, 0, 0, 0, 0, '2021-03-13 06:00:52', '2021-03-13 06:00:52'),
(110, 'продажа дач в усть каменогорске свежие объявления\r\n', 0, 0, 0, 0, 0, '2021-03-13 06:00:52', '2021-03-13 06:00:52'),
(111, 'работа в усть каменогорске без опыта работы\r\n', 0, 0, 0, 0, 0, '2021-03-13 06:00:52', '2021-03-13 06:00:52'),
(112, 'микрохирургия глаза усть каменогорск\r\n', 0, 0, 0, 0, 0, '2021-03-13 06:00:52', '2021-03-13 06:00:52'),
(113, 'работа в усть каменогорске свежие\r\n', 0, 0, 0, 0, 0, '2021-03-13 06:00:52', '2021-03-13 06:00:52'),
(114, 'бесплатные объявления атбасар\r\n', 0, 0, 0, 0, 0, '2021-03-13 06:00:52', '2021-03-13 06:00:52'),
(115, 'индивидуалки усть каменогорска\r\n', 0, 0, 0, 0, 0, '2021-03-13 06:00:52', '2021-03-13 06:00:52'),
(116, 'барахолка зыряновск объявления недвижимость\r\n', 0, 0, 0, 0, 0, '2021-03-13 06:00:52', '2021-03-13 06:00:52'),
(117, 'мото объявления алматы\r\n', 0, 0, 0, 0, 0, '2021-03-13 06:00:52', '2021-03-13 06:00:52'),
(118, 'бесплатные мото объявления алматы\r\n', 0, 0, 0, 0, 0, '2021-03-13 06:00:52', '2021-03-13 06:00:52'),
(119, 'минет усть каменогорск\r\n', 0, 0, 0, 0, 0, '2021-03-13 06:00:52', '2021-03-13 06:00:52'),
(120, 'объявление есиль\r\n', 0, 0, 0, 0, 0, '2021-03-13 06:00:52', '2021-03-13 06:00:52'),
(121, 'мебель в усть каменогорске\r\n', 0, 0, 0, 0, 0, '2021-03-13 06:00:52', '2021-03-13 06:00:52'),
(122, 'межкомнатные двери в усть каменогорске\r\n', 0, 0, 0, 0, 0, '2021-03-13 06:00:52', '2021-03-13 06:00:52'),
(123, 'объявления в аулиеколе\r\n', 0, 0, 0, 0, 0, '2021-03-13 06:00:52', '2021-03-13 06:00:52'),
(124, 'иртышск бесплатные объявления\r\n', 0, 0, 0, 0, 0, '2021-03-13 06:00:52', '2021-03-13 06:00:52'),
(125, 'сайт знакомств в усть каменогорске без регистрации\r\n', 0, 0, 0, 0, 0, '2021-03-13 06:00:52', '2021-03-13 06:00:52'),
(126, 'объявление астраханка\r\n', 0, 0, 0, 0, 0, '2021-03-13 06:00:52', '2021-03-13 06:00:52'),
(127, 'новые вакансии усть каменогорск\r\n', 0, 0, 0, 0, 0, '2021-03-13 06:00:52', '2021-03-13 06:00:52'),
(128, 'доска объявлений булаево\r\n', 0, 0, 0, 0, 0, '2021-03-13 06:00:52', '2021-03-13 06:00:52'),
(129, 'объявление сарыколь сарыкольский район\r\n', 0, 0, 0, 0, 0, '2021-03-13 06:00:52', '2021-03-13 06:00:52'),
(130, 'бани в усть каменогорске\r\n', 0, 0, 0, 0, 0, '2021-03-13 06:00:52', '2021-03-13 06:00:52'),
(131, 'стоматология в усть каменогорске\r\n', 0, 0, 0, 0, 0, '2021-03-13 06:00:52', '2021-03-13 06:00:52'),
(132, 'бесплатные объявления житикара\r\n', 0, 0, 0, 0, 0, '2021-03-13 06:00:52', '2021-03-13 06:00:52'),
(133, 'продажа домов в зыряновске объявления\r\n', 0, 0, 0, 0, 0, '2021-03-13 06:00:52', '2021-03-13 06:00:52'),
(134, '1000 объявлений усть каменогорск работа\r\n', 0, 0, 0, 0, 0, '2021-03-13 06:00:52', '2021-03-13 06:00:52'),
(135, 'акжайык газета атырау объявления требуется работа свежие\r\n', 0, 0, 0, 0, 0, '2021-03-13 06:00:52', '2021-03-13 06:00:52'),
(136, 'новые вакансии работ усть каменогорск\r\n', 0, 0, 0, 0, 0, '2021-03-13 06:00:52', '2021-03-13 06:00:52'),
(137, 'работа усть каменогорск свежие вакансии для женщин\r\n', 0, 0, 0, 0, 0, '2021-03-13 06:00:52', '2021-03-13 06:00:52'),
(138, 'объявления аманкарагая\r\n', 0, 0, 0, 0, 0, '2021-03-13 06:00:52', '2021-03-13 06:00:52'),
(139, 'просттитуки усть каменогорск\r\n', 0, 0, 0, 0, 0, '2021-03-13 06:00:52', '2021-03-13 06:00:52'),
(140, 'сайт знакомств в усть каменогорске\r\n', 0, 0, 0, 0, 0, '2021-03-13 06:00:52', '2021-03-13 06:00:52'),
(141, 'ау житикара объявления\r\n', 0, 0, 0, 0, 0, '2021-03-13 06:00:52', '2021-03-13 06:00:52'),
(142, 'бесплатные объявления казахстан\r\n', 0, 0, 0, 0, 0, '2021-03-13 06:00:52', '2021-03-13 06:00:52'),
(143, 'работа охраной атырау\r\n', 0, 0, 0, 0, 0, '2021-03-13 06:00:52', '2021-03-13 06:00:52'),
(144, 'объявления сергеевки\r\n', 0, 0, 0, 0, 0, '2021-03-13 06:00:52', '2021-03-13 06:00:52'),
(145, 'грузоперевозки усть каменогорск\r\n', 0, 0, 0, 0, 0, '2021-03-13 06:00:52', '2021-03-13 06:00:52'),
(146, 'сауна усть каменогорск\r\n', 0, 0, 0, 0, 0, '2021-03-13 06:00:52', '2021-03-13 06:00:52'),
(147, 'усть каменогорск сайт 1 объявления\r\n', 0, 0, 0, 0, 0, '2021-03-13 06:00:52', '2021-03-13 06:00:52'),
(148, 'ука кз сайт 1 усть каменогорск объявления\r\n', 0, 0, 0, 0, 0, '2021-03-13 06:00:52', '2021-03-13 06:00:52'),
(149, 'сайт 1 кз объявления\r\n', 0, 0, 0, 0, 0, '2021-03-13 06:00:52', '2021-03-13 06:00:52'),
(150, 'мебель в усть каменогорске фото и цены\r\n', 0, 0, 0, 0, 0, '2021-03-13 06:00:52', '2021-03-13 06:00:52'),
(151, 'дачи в усть каменогорске\r\n', 0, 0, 0, 0, 0, '2021-03-13 06:00:52', '2021-03-13 06:00:52'),
(152, 'обои усть каменогорск\r\n', 0, 0, 0, 0, 0, '2021-03-13 06:00:52', '2021-03-13 06:00:52'),
(153, 'купить гранту в усть каменогорске\r\n', 0, 0, 0, 0, 0, '2021-03-13 06:00:52', '2021-03-13 06:00:52'),
(154, 'работа в петропавловске кз\r\n', 0, 0, 0, 0, 0, '2021-03-13 06:00:52', '2021-03-13 06:00:52'),
(155, 'вакансий в усть каменогорске свежие\r\n', 0, 0, 0, 0, 0, '2021-03-13 06:00:52', '2021-03-13 06:00:52'),
(156, 'работа вахтовым методом усть каменогорск\r\n', 0, 0, 0, 0, 0, '2021-03-13 06:00:52', '2021-03-13 06:00:52'),
(157, 'доска объявлений байконура\r\n', 0, 0, 0, 0, 0, '2021-03-13 06:00:52', '2021-03-13 06:00:52'),
(158, 'купить квартиру в усть каменогорске без посредников\r\n', 0, 0, 0, 0, 0, '2021-03-13 06:00:52', '2021-03-13 06:00:52'),
(159, 'требуется работа в атырау акжайык\r\n', 0, 0, 0, 0, 0, '2021-03-13 06:00:52', '2021-03-13 06:00:52'),
(160, 'акжайык работа атырау\r\n', 0, 0, 0, 0, 0, '2021-03-13 06:00:52', '2021-03-13 06:00:52'),
(161, 'объявление тайынша\r\n', 0, 0, 0, 0, 0, '2021-03-13 06:00:52', '2021-03-13 06:00:52'),
(162, 'ниссан в усть каменогорске\r\n', 0, 0, 0, 0, 0, '2021-03-13 06:00:52', '2021-03-13 06:00:52'),
(163, 'купить ниву в усть каменогорске\r\n', 0, 0, 0, 0, 0, '2021-03-13 06:00:52', '2021-03-13 06:00:52'),
(164, 'квадроциклы в усть каменогорске купить\r\n', 0, 0, 0, 0, 0, '2021-03-13 06:00:52', '2021-03-13 06:00:52'),
(165, 'риск бизнес кокшетау объявления\r\n', 0, 0, 0, 0, 0, '2021-03-13 06:00:52', '2021-03-13 06:00:52'),
(166, 'массаж усть каменогорск\r\n', 0, 0, 0, 0, 0, '2021-03-13 06:00:52', '2021-03-13 06:00:52'),
(167, 'донер усть каменогорск\r\n', 0, 0, 0, 0, 0, '2021-03-13 06:00:52', '2021-03-13 06:00:52'),
(168, 'работа в петропавловске водителем дальнобойщиком\r\n', 0, 0, 0, 0, 0, '2021-03-13 06:00:52', '2021-03-13 06:00:52'),
(169, 'мопед в усть каменогорске\r\n', 0, 0, 0, 0, 0, '2021-03-13 06:00:52', '2021-03-13 06:00:52'),
(170, 'гаражи в усть каменогорске\r\n', 0, 0, 0, 0, 0, '2021-03-13 06:00:52', '2021-03-13 06:00:52'),
(171, 'бесплатное объявления интим алматы\r\n', 0, 0, 0, 0, 0, '2021-03-13 06:00:52', '2021-03-13 06:00:52'),
(172, 'купить дом в семее свежее объявление\r\n', 0, 0, 0, 0, 0, '2021-03-13 06:00:52', '2021-03-13 06:00:52'),
(173, 'объявления в актобе\r\n', 0, 0, 0, 0, 0, '2021-03-13 06:00:52', '2021-03-13 06:00:52'),
(174, 'рестораны усть каменогорска\r\n', 0, 0, 0, 0, 0, '2021-03-13 06:00:52', '2021-03-13 06:00:52'),
(175, 'бесплатные объявления в аксае зко\r\n', 0, 0, 0, 0, 0, '2021-03-13 06:00:52', '2021-03-13 06:00:52'),
(176, 'знакомства в усть каменогорске без регистрации\r\n', 0, 0, 0, 0, 0, '2021-03-13 06:00:52', '2021-03-13 06:00:52'),
(177, 'доска объявлений ушарал алакольский район\r\n', 0, 0, 0, 0, 0, '2021-03-13 06:00:52', '2021-03-13 06:00:52'),
(178, 'барбекю усть каменогорск\r\n', 0, 0, 0, 0, 0, '2021-03-13 06:00:52', '2021-03-13 06:00:52'),
(179, 'работа вахта атырау\r\n', 0, 0, 0, 0, 0, '2021-03-13 06:00:52', '2021-03-13 06:00:52'),
(180, 'мотоциклы в усть каменогорске\r\n', 0, 0, 0, 0, 0, '2021-03-13 06:00:52', '2021-03-13 06:00:52'),
(181, 'работа в атырау сторож\r\n', 0, 0, 0, 0, 0, '2021-03-13 06:00:52', '2021-03-13 06:00:52'),
(182, 'доска объявлений алматы\r\n', 0, 0, 0, 0, 0, '2021-03-13 06:00:52', '2021-03-13 06:00:52'),
(183, 'бесплатные объявления абай в контакте\r\n', 0, 0, 0, 0, 0, '2021-03-13 06:00:52', '2021-03-13 06:00:52'),
(184, 'тысяча объявлений усть каменогорск\r\n', 0, 0, 0, 0, 0, '2021-03-13 06:00:52', '2021-03-13 06:00:52'),
(185, 'купить телевизор в усть каменогорске\r\n', 0, 0, 0, 0, 0, '2021-03-13 06:00:52', '2021-03-13 06:00:52'),
(186, 'купить диван в усть каменогорске\r\n', 0, 0, 0, 0, 0, '2021-03-13 06:00:52', '2021-03-13 06:00:52'),
(187, 'работа электрика усть каменогорск\r\n', 0, 0, 0, 0, 0, '2021-03-13 06:00:52', '2021-03-13 06:00:52'),
(188, 'доска объявлений казахстан\r\n', 0, 0, 0, 0, 0, '2021-03-13 06:00:52', '2021-03-13 06:00:52'),
(189, 'работа петропавловск продавец\r\n', 0, 0, 0, 0, 0, '2021-03-13 06:00:52', '2021-03-13 06:00:52'),
(190, 'видеокарты в усть каменогорске\r\n', 0, 0, 0, 0, 0, '2021-03-13 06:00:52', '2021-03-13 06:00:52'),
(191, 'натяжные потолки усть каменогорск\r\n', 0, 0, 0, 0, 0, '2021-03-13 06:00:52', '2021-03-13 06:00:52'),
(192, 'бассейн в усть каменогорске\r\n', 0, 0, 0, 0, 0, '2021-03-13 06:00:52', '2021-03-13 06:00:52'),
(193, 'объявление атырау\r\n', 0, 0, 0, 0, 0, '2021-03-13 06:00:52', '2021-03-13 06:00:52'),
(194, 'купить смартфон в усть каменогорске\r\n', 0, 0, 0, 0, 0, '2021-03-13 06:00:52', '2021-03-13 06:00:52'),
(195, 'доска объявлений село область\r\n', 0, 0, 0, 0, 0, '2021-03-13 06:00:52', '2021-03-13 06:00:52'),
(196, 'эндокринолог в усть каменогорске\r\n', 0, 0, 0, 0, 0, '2021-03-13 06:00:52', '2021-03-13 06:00:52'),
(197, 'цветы усть каменогорск\r\n', 0, 0, 0, 0, 0, '2021-03-13 06:00:52', '2021-03-13 06:00:52'),
(198, 'купить лодку в усть каменогорске\r\n', 0, 0, 0, 0, 0, '2021-03-13 06:00:52', '2021-03-13 06:00:52'),
(199, 'новое авто в усть каменогорске\r\n', 0, 0, 0, 0, 0, '2021-03-13 06:00:52', '2021-03-13 06:00:52'),
(200, 'работа в актобе вакансии свежие объявления\r\n', 0, 0, 0, 0, 0, '2021-03-13 06:00:52', '2021-03-13 06:00:52'),
(201, 'работа для студентов в атырау\r\n', 0, 0, 0, 0, 0, '2021-03-13 06:00:52', '2021-03-13 06:00:52'),
(202, 'купить квартиру в усть каменогорске свежие объявления\r\n', 0, 0, 0, 0, 0, '2021-03-13 06:00:52', '2021-03-13 06:00:52'),
(203, 'доска объявлений саумалколь\r\n', 0, 0, 0, 0, 0, '2021-03-13 06:00:52', '2021-03-13 06:00:52'),
(204, 'бесплатные объявления павлодар\r\n', 0, 0, 0, 0, 0, '2021-03-13 06:00:52', '2021-03-13 06:00:52'),
(205, 'байконур доска объявлений обмен квартир\r\n', 0, 0, 0, 0, 0, '2021-03-13 06:00:52', '2021-03-13 06:00:52'),
(206, 'девушки ищут парней объявления усть каменогорск\r\n', 0, 0, 0, 0, 0, '2021-03-13 06:00:52', '2021-03-13 06:00:52'),
(207, 'барахолка зыряновск недвижимость\r\n', 0, 0, 0, 0, 0, '2021-03-13 06:00:52', '2021-03-13 06:00:52'),
(208, 'работа водителем в усть каменогорске свежие\r\n', 0, 0, 0, 0, 0, '2021-03-13 06:00:52', '2021-03-13 06:00:52'),
(209, 'психолог усть каменогорск\r\n', 0, 0, 0, 0, 0, '2021-03-13 06:00:52', '2021-03-13 06:00:52'),
(210, 'матрасы в усть каменогорске\r\n', 0, 0, 0, 0, 0, '2021-03-13 06:00:52', '2021-03-13 06:00:52'),
(211, 'узи в усть каменогорске\r\n', 0, 0, 0, 0, 0, '2021-03-13 06:00:52', '2021-03-13 06:00:52'),
(212, 'сайт объявлений казахстан\r\n', 0, 0, 0, 0, 0, '2021-03-13 06:00:52', '2021-03-13 06:00:52'),
(213, 'газ в усть каменогорске\r\n', 0, 0, 0, 0, 0, '2021-03-13 06:00:52', '2021-03-13 06:00:52'),
(214, 'консульство усть каменогорск\r\n', 0, 0, 0, 0, 0, '2021-03-13 06:00:52', '2021-03-13 06:00:52'),
(215, 'ищу работу водителя дальнобойщика в петропавловске\r\n', 0, 0, 0, 0, 0, '2021-03-13 06:00:52', '2021-03-13 06:00:52'),
(216, 'объявления атбасар авто\r\n', 0, 0, 0, 0, 0, '2021-03-13 06:00:52', '2021-03-13 06:00:52'),
(217, 'котята в усть каменогорске\r\n', 0, 0, 0, 0, 0, '2021-03-13 06:00:52', '2021-03-13 06:00:52'),
(218, 'линолеум в усть каменогорске\r\n', 0, 0, 0, 0, 0, '2021-03-13 06:00:52', '2021-03-13 06:00:52'),
(219, 'невропатолог в усть каменогорске\r\n', 0, 0, 0, 0, 0, '2021-03-13 06:00:52', '2021-03-13 06:00:52'),
(220, 'работа в петропавловске казахстан водителем дальнобойщиком\r\n', 0, 0, 0, 0, 0, '2021-03-13 06:00:52', '2021-03-13 06:00:52'),
(221, 'объявления байконур торетам акай\r\n', 0, 0, 0, 0, 0, '2021-03-13 06:00:52', '2021-03-13 06:00:52'),
(222, 'курсы в усть каменогорске\r\n', 0, 0, 0, 0, 0, '2021-03-13 06:00:52', '2021-03-13 06:00:52'),
(223, 'объявление байконур 94\r\n', 0, 0, 0, 0, 0, '2021-03-13 06:00:52', '2021-03-13 06:00:52'),
(224, 'ищу работу в атырау\r\n', 0, 0, 0, 0, 0, '2021-03-13 06:00:52', '2021-03-13 06:00:52'),
(225, 'квартира в усть каменогорске на длительный срок\r\n', 0, 0, 0, 0, 0, '2021-03-13 06:00:52', '2021-03-13 06:00:52'),
(226, 'снять дом в усть каменогорске\r\n', 0, 0, 0, 0, 0, '2021-03-13 06:00:52', '2021-03-13 06:00:52'),
(227, 'сайт бесплатных объявлений в казахстане\r\n', 0, 0, 0, 0, 0, '2021-03-13 06:00:52', '2021-03-13 06:00:52'),
(228, 'доставка усть каменогорск\r\n', 0, 0, 0, 0, 0, '2021-03-13 06:00:52', '2021-03-13 06:00:52'),
(229, 'продажа однокомнатных квартир в усть каменогорске\r\n', 0, 0, 0, 0, 0, '2021-03-13 06:00:52', '2021-03-13 06:00:52'),
(230, 'искать работу в петропавловске в северном\r\n', 0, 0, 0, 0, 0, '2021-03-13 06:00:52', '2021-03-13 06:00:52'),
(231, 'бесплатные объявления г атбасар\r\n', 0, 0, 0, 0, 0, '2021-03-13 06:00:52', '2021-03-13 06:00:52'),
(232, 'работа петропавловск северо казахстанская область\r\n', 0, 0, 0, 0, 0, '2021-03-13 06:00:52', '2021-03-13 06:00:52'),
(233, 'атырау работа инженер пто\r\n', 0, 0, 0, 0, 0, '2021-03-13 06:00:52', '2021-03-13 06:00:52'),
(234, 'холодильники в усть каменогорске\r\n', 0, 0, 0, 0, 0, '2021-03-13 06:00:52', '2021-03-13 06:00:52'),
(235, 'объявления жезкент вк\r\n', 0, 0, 0, 0, 0, '2021-03-13 06:00:52', '2021-03-13 06:00:52'),
(236, 'объявления в зыряновске\r\n', 0, 0, 0, 0, 0, '2021-03-13 06:00:52', '2021-03-13 06:00:52'),
(237, 'знакомства усть каменогорск без регистрации с женщинами\r\n', 0, 0, 0, 0, 0, '2021-03-13 06:00:52', '2021-03-13 06:00:52'),
(238, 'купить дом в бобровке усть каменогорск\r\n', 0, 0, 0, 0, 0, '2021-03-13 06:00:52', '2021-03-13 06:00:52'),
(239, 'купить ваз 2107 в усть каменогорске\r\n', 0, 0, 0, 0, 0, '2021-03-13 06:00:52', '2021-03-13 06:00:52'),
(240, 'работа сварщика в петропавловске казахстан свежие вакансии\r\n', 0, 0, 0, 0, 0, '2021-03-13 06:00:52', '2021-03-13 06:00:52'),
(241, 'объявление нура\r\n', 0, 0, 0, 0, 0, '2021-03-13 06:00:52', '2021-03-13 06:00:52'),
(242, 'оптика усть каменогорск\r\n', 0, 0, 0, 0, 0, '2021-03-13 06:00:52', '2021-03-13 06:00:52'),
(243, 'купить баню в усть каменогорске\r\n', 0, 0, 0, 0, 0, '2021-03-13 06:00:52', '2021-03-13 06:00:52'),
(244, 'доска объявлений кокшетау\r\n', 0, 0, 0, 0, 0, '2021-03-13 06:00:52', '2021-03-13 06:00:52'),
(245, 'атырау работа продавец\r\n', 0, 0, 0, 0, 0, '2021-03-13 06:00:52', '2021-03-13 06:00:52'),
(246, 'работа для женщин атырау\r\n', 0, 0, 0, 0, 0, '2021-03-13 06:00:52', '2021-03-13 06:00:52'),
(247, 'продажа 2 комнатных квартир в усть каменогорске\r\n', 0, 0, 0, 0, 0, '2021-03-13 06:00:52', '2021-03-13 06:00:52'),
(248, 'работа водителем в петропавловске ско\r\n', 0, 0, 0, 0, 0, '2021-03-13 06:00:52', '2021-03-13 06:00:52'),
(249, 'сто усть каменогорск\r\n', 0, 0, 0, 0, 0, '2021-03-13 06:00:52', '2021-03-13 06:00:52'),
(250, 'фольксваген в усть каменогорске\r\n', 0, 0, 0, 0, 0, '2021-03-13 06:00:52', '2021-03-13 06:00:52'),
(251, 'работа продавцом в усть каменогорске\r\n', 0, 0, 0, 0, 0, '2021-03-13 06:00:52', '2021-03-13 06:00:52'),
(252, 'типичные объявления аманкарагай\r\n', 0, 0, 0, 0, 0, '2021-03-13 06:00:52', '2021-03-13 06:00:52'),
(253, 'автозапчасти в усть каменогорске\r\n', 0, 0, 0, 0, 0, '2021-03-13 06:00:52', '2021-03-13 06:00:52'),
(254, 'атырау работа инженер сметчик\r\n', 0, 0, 0, 0, 0, '2021-03-13 06:00:52', '2021-03-13 06:00:52'),
(255, 'диски в усть каменогорске\r\n', 0, 0, 0, 0, 0, '2021-03-13 06:00:52', '2021-03-13 06:00:52'),
(256, 'продажа квартир в усть каменогорске кшт\r\n', 0, 0, 0, 0, 0, '2021-03-13 06:00:52', '2021-03-13 06:00:52'),
(257, 'работа в атырау вахтовым методом свежие вакансии\r\n', 0, 0, 0, 0, 0, '2021-03-13 06:00:52', '2021-03-13 06:00:52'),
(258, 'работа сторожем в усть каменогорске свежие\r\n', 0, 0, 0, 0, 0, '2021-03-13 06:00:52', '2021-03-13 06:00:52'),
(259, 'работа сторож в усть каменогорске свежие вакансии\r\n', 0, 0, 0, 0, 0, '2021-03-13 06:00:52', '2021-03-13 06:00:52'),
(260, 'рудный объявления\r\n', 0, 0, 0, 0, 0, '2021-03-13 06:00:52', '2021-03-13 06:00:52'),
(261, 'работа водитель в усть каменогорске новые вакансии\r\n', 0, 0, 0, 0, 0, '2021-03-13 06:00:52', '2021-03-13 06:00:52'),
(262, 'работа техничек петропавловск\r\n', 0, 0, 0, 0, 0, '2021-03-13 06:00:52', '2021-03-13 06:00:52'),
(263, 'массаж для мужчин частные объявления в алматы\r\n', 0, 0, 0, 0, 0, '2021-03-13 06:00:52', '2021-03-13 06:00:52'),
(264, 'объявление продажи г риддер\r\n', 0, 0, 0, 0, 0, '2021-03-13 06:00:52', '2021-03-13 06:00:52'),
(265, 'вакансии в усть каменогорске на сегодняшний\r\n', 0, 0, 0, 0, 0, '2021-03-13 06:00:52', '2021-03-13 06:00:52'),
(266, 'квартиры в зыряновске свежие объявления\r\n', 0, 0, 0, 0, 0, '2021-03-13 06:00:52', '2021-03-13 06:00:52'),
(267, 'объявления сарыколь в контакте\r\n', 0, 0, 0, 0, 0, '2021-03-13 06:00:52', '2021-03-13 06:00:52'),
(268, 'работа вахтой в атырау тенгизе\r\n', 0, 0, 0, 0, 0, '2021-03-13 06:00:52', '2021-03-13 06:00:52'),
(269, 'газета бесплатных объявлений караганда свежий выпуск\r\n', 0, 0, 0, 0, 0, '2021-03-13 06:00:52', '2021-03-13 06:00:52'),
(270, 'лодки пвх в усть каменогорске\r\n', 0, 0, 0, 0, 0, '2021-03-13 06:00:52', '2021-03-13 06:00:52'),
(271, 'где в усть каменогорске купить\r\n', 0, 0, 0, 0, 0, '2021-03-13 06:00:52', '2021-03-13 06:00:52'),
(272, 'продажа недвижимости в риддере свежие объявления\r\n', 0, 0, 0, 0, 0, '2021-03-13 06:00:52', '2021-03-13 06:00:52'),
(273, '1000 объявлений усть каменогорск недвижимость квартиры\r\n', 0, 0, 0, 0, 0, '2021-03-13 06:00:52', '2021-03-13 06:00:52'),
(274, 'объявления в шемонаихе\r\n', 0, 0, 0, 0, 0, '2021-03-13 06:00:52', '2021-03-13 06:00:52'),
(275, 'массаж для мужчин усть каменогорск\r\n', 0, 0, 0, 0, 0, '2021-03-13 06:00:52', '2021-03-13 06:00:52'),
(276, 'газета 1000 объявлений в усть каменогорске\r\n', 0, 0, 0, 0, 0, '2021-03-13 06:00:52', '2021-03-13 06:00:52'),
(277, 'объявления город атбасар\r\n', 0, 0, 0, 0, 0, '2021-03-13 06:00:52', '2021-03-13 06:00:52'),
(278, 'купить ваз усть каменогорск\r\n', 0, 0, 0, 0, 0, '2021-03-13 06:00:52', '2021-03-13 06:00:52'),
(279, 'объявления 2021 года\r\n', 0, 0, 0, 0, 0, '2021-03-13 06:00:52', '2021-03-13 06:00:52'),
(280, 'объявления в таразе\r\n', 0, 0, 0, 0, 0, '2021-03-13 06:00:52', '2021-03-13 06:00:52'),
(281, 'житикара объявления купи продай\r\n', 0, 0, 0, 0, 0, '2021-03-13 06:00:52', '2021-03-13 06:00:52'),
(282, 'риддер объявления квартиры снять\r\n', 0, 0, 0, 0, 0, '2021-03-13 06:00:52', '2021-03-13 06:00:52'),
(283, 'резина в усть каменогорске\r\n', 0, 0, 0, 0, 0, '2021-03-13 06:00:52', '2021-03-13 06:00:52'),
(284, 'пылесосы усть каменогорск\r\n', 0, 0, 0, 0, 0, '2021-03-13 06:00:52', '2021-03-13 06:00:52'),
(285, 'атырау работа электрик\r\n', 0, 0, 0, 0, 0, '2021-03-13 06:00:52', '2021-03-13 06:00:52'),
(286, 'акжайык атырау объявление требуется свежие на сегодня\r\n', 0, 0, 0, 0, 0, '2021-03-13 06:00:52', '2021-03-13 06:00:52'),
(287, 'сантехник в усть каменогорске\r\n', 0, 0, 0, 0, 0, '2021-03-13 06:00:52', '2021-03-13 06:00:52'),
(288, 'работа уборщицей петропавловск\r\n', 0, 0, 0, 0, 0, '2021-03-13 06:00:52', '2021-03-13 06:00:52'),
(289, 'лада актау объявления\r\n', 0, 0, 0, 0, 0, '2021-03-13 06:00:52', '2021-03-13 06:00:52'),
(290, 'продажа автомобилей в усть каменогорске\r\n', 0, 0, 0, 0, 0, '2021-03-13 06:00:52', '2021-03-13 06:00:52'),
(291, 'барахолка г зыряновск\r\n', 0, 0, 0, 0, 0, '2021-03-13 06:00:52', '2021-03-13 06:00:52'),
(292, 'смартфоны в усть каменогорске\r\n', 0, 0, 0, 0, 0, '2021-03-13 06:00:52', '2021-03-13 06:00:52'),
(293, 'работа охранником в усть каменогорске\r\n', 0, 0, 0, 0, 0, '2021-03-13 06:00:52', '2021-03-13 06:00:52'),
(294, 'объявления п сарыколь\r\n', 0, 0, 0, 0, 0, '2021-03-13 06:00:52', '2021-03-13 06:00:52'),
(295, 'купить снегоход в усть каменогорске\r\n', 0, 0, 0, 0, 0, '2021-03-13 06:00:52', '2021-03-13 06:00:52'),
(296, 'работа вахта в атырау тенгиз водитель\r\n', 0, 0, 0, 0, 0, '2021-03-13 06:00:52', '2021-03-13 06:00:52'),
(297, 'компьютеры в усть каменогорске\r\n', 0, 0, 0, 0, 0, '2021-03-13 06:00:52', '2021-03-13 06:00:52'),
(298, 'объявление арыкбалык\r\n', 0, 0, 0, 0, 0, '2021-03-13 06:00:52', '2021-03-13 06:00:52'),
(299, 'доска объявлений сарыколь\r\n', 0, 0, 0, 0, 0, '2021-03-13 06:00:52', '2021-03-13 06:00:52'),
(300, 'объявления в шахтинске карагандинская область\r\n', 0, 0, 0, 0, 0, '2021-03-13 06:00:52', '2021-03-13 06:00:52'),
(301, 'объявления абай карагандинская область\r\n', 0, 0, 0, 0, 0, '2021-03-13 06:00:52', '2021-03-13 06:00:52'),
(302, 'шевроле в усть каменогорске\r\n', 0, 0, 0, 0, 0, '2021-03-13 06:00:52', '2021-03-13 06:00:52'),
(303, 'курьер работа атырау\r\n', 0, 0, 0, 0, 0, '2021-03-13 06:00:52', '2021-03-13 06:00:52'),
(304, 'квадроциклы в усть каменогорске\r\n', 0, 0, 0, 0, 0, '2021-03-13 06:00:52', '2021-03-13 06:00:52'),
(305, 'продажа квартир в костанае свежие объявления\r\n', 0, 0, 0, 0, 0, '2021-03-13 06:00:52', '2021-03-13 06:00:52'),
(306, 'новые автомобили в усть каменогорске\r\n', 0, 0, 0, 0, 0, '2021-03-13 06:00:52', '2021-03-13 06:00:52'),
(307, 'шторы усть каменогорск\r\n', 0, 0, 0, 0, 0, '2021-03-13 06:00:52', '2021-03-13 06:00:52'),
(308, 'казахстан актобе объявлении на продажу люстр\r\n', 0, 0, 0, 0, 0, '2021-03-13 06:00:52', '2021-03-13 06:00:52'),
(309, 'объявления продажа лошадей ско казахстан\r\n', 0, 0, 0, 0, 0, '2021-03-13 06:00:52', '2021-03-13 06:00:52'),
(310, 'продам рис подать объявление бесплатно алматы\r\n', 0, 0, 0, 0, 0, '2021-03-13 06:00:52', '2021-03-13 06:00:52'),
(311, 'работа сварщиком петропавловск казахстан\r\n', 0, 0, 0, 0, 0, '2021-03-13 06:00:52', '2021-03-13 06:00:52'),
(312, 'работа в петропавловске ско охранником\r\n', 0, 0, 0, 0, 0, '2021-03-13 06:00:52', '2021-03-13 06:00:52'),
(313, 'аренда домов в усть каменогорске\r\n', 0, 0, 0, 0, 0, '2021-03-13 06:00:52', '2021-03-13 06:00:52'),
(314, 'усть каменогорск продажа ниссан\r\n', 0, 0, 0, 0, 0, '2021-03-13 06:00:52', '2021-03-13 06:00:52'),
(315, 'продажа домов в темиртау свежие объявления\r\n', 0, 0, 0, 0, 0, '2021-03-13 06:00:52', '2021-03-13 06:00:52'),
(316, 'бесплатные объявления город абай\r\n', 0, 0, 0, 0, 0, '2021-03-13 06:00:52', '2021-03-13 06:00:52'),
(317, 'кардиолог в усть каменогорске\r\n', 0, 0, 0, 0, 0, '2021-03-13 06:00:52', '2021-03-13 06:00:52'),
(318, '10000 объявлений усть каменогорск\r\n', 0, 0, 0, 0, 0, '2021-03-13 06:00:52', '2021-03-13 06:00:52'),
(319, 'купить дом в тайынше свежие объявления\r\n', 0, 0, 0, 0, 0, '2021-03-13 06:00:52', '2021-03-13 06:00:52'),
(320, 'петропавловск работа вакансии\r\n', 0, 0, 0, 0, 0, '2021-03-13 06:00:52', '2021-03-13 06:00:52'),
(321, 'курьер работа петропавловск\r\n', 0, 0, 0, 0, 0, '2021-03-13 06:00:52', '2021-03-13 06:00:52'),
(322, 'написать объявление на сайте\r\n', 0, 0, 0, 0, 0, '2021-03-13 06:00:52', '2021-03-13 06:00:52'),
(323, 'работа усть каменогорск свежие ежедневной оплатой\r\n', 0, 0, 0, 0, 0, '2021-03-13 06:00:52', '2021-03-13 06:00:52'),
(324, 'объявление работа услуга писать сайт бесплатно\r\n', 0, 0, 0, 0, 0, '2021-03-13 06:00:52', '2021-03-13 06:00:52'),
(325, 'ищу работу в петропавловске казахстан водителем\r\n', 0, 0, 0, 0, 0, '2021-03-13 06:00:52', '2021-03-13 06:00:52'),
(326, 'доска объявлений павлодар\r\n', 0, 0, 0, 0, 0, '2021-03-13 06:00:52', '2021-03-13 06:00:52'),
(327, 'купить кресло в усть каменогорске\r\n', 0, 0, 0, 0, 0, '2021-03-13 06:00:52', '2021-03-13 06:00:52'),
(328, 'работа в городе атырау\r\n', 0, 0, 0, 0, 0, '2021-03-13 06:00:52', '2021-03-13 06:00:52'),
(329, 'доска объявлений костанай\r\n', 0, 0, 0, 0, 0, '2021-03-13 06:00:52', '2021-03-13 06:00:52'),
(330, 'снять комнату в усть каменогорске\r\n', 0, 0, 0, 0, 0, '2021-03-13 06:00:52', '2021-03-13 06:00:52'),
(331, 'ваз 2109 в усть каменогорске\r\n', 0, 0, 0, 0, 0, '2021-03-13 06:00:52', '2021-03-13 06:00:52'),
(332, 'объявления рудный казахстан\r\n', 0, 0, 0, 0, 0, '2021-03-13 06:00:52', '2021-03-13 06:00:52'),
(333, 'барахолка зыряновск объявления работа\r\n', 0, 0, 0, 0, 0, '2021-03-13 06:00:52', '2021-03-13 06:00:52'),
(334, 'купить тойота в усть каменогорске\r\n', 0, 0, 0, 0, 0, '2021-03-13 06:00:52', '2021-03-13 06:00:52'),
(335, 'степногорск объявления купить квартиру\r\n', 0, 0, 0, 0, 0, '2021-03-13 06:00:52', '2021-03-13 06:00:52'),
(336, 'алматы частные объявления массажистки на выезд\r\n', 0, 0, 0, 0, 0, '2021-03-13 06:00:52', '2021-03-13 06:00:52'),
(337, 'купить квартиру в лисаковске новые объявления бесплатно\r\n', 0, 0, 0, 0, 0, '2021-03-13 06:00:52', '2021-03-13 06:00:52'),
(338, 'работа в петропавловске казахстан свежие вакансии разнорабочий\r\n', 0, 0, 0, 0, 0, '2021-03-13 06:00:52', '2021-03-13 06:00:52'),
(339, 'электрик усть каменогорск\r\n', 0, 0, 0, 0, 0, '2021-03-13 06:00:52', '2021-03-13 06:00:52'),
(340, 'работа в петропавловске водителем\r\n', 0, 0, 0, 0, 0, '2021-03-13 06:00:52', '2021-03-13 06:00:52'),
(341, 'атырау работа новый вакансии\r\n', 0, 0, 0, 0, 0, '2021-03-13 06:00:52', '2021-03-13 06:00:52'),
(342, 'ваз 2107 в усть каменогорске\r\n', 0, 0, 0, 0, 0, '2021-03-13 06:00:52', '2021-03-13 06:00:52'),
(343, 'весь актау сайт объявлений\r\n', 0, 0, 0, 0, 0, '2021-03-13 06:00:52', '2021-03-13 06:00:52'),
(344, 'работа в петропавловске для студентов\r\n', 0, 0, 0, 0, 0, '2021-03-13 06:00:52', '2021-03-13 06:00:52'),
(345, 'найти работу в петропавловске ско\r\n', 0, 0, 0, 0, 0, '2021-03-13 06:00:52', '2021-03-13 06:00:52'),
(346, 'доска бесплатных объявлений города петропавловска\r\n', 0, 0, 0, 0, 0, '2021-03-13 06:00:52', '2021-03-13 06:00:52'),
(347, 'доска объявлений усть каменогорск\r\n', 0, 0, 0, 0, 0, '2021-03-13 06:00:52', '2021-03-13 06:00:52'),
(348, 'объявления по бизнесу на какой сайт\r\n', 0, 0, 0, 0, 0, '2021-03-13 06:00:52', '2021-03-13 06:00:52'),
(349, 'тойота усть каменогорск\r\n', 0, 0, 0, 0, 0, '2021-03-13 06:00:52', '2021-03-13 06:00:52'),
(350, 'семей усть каменогорск\r\n', 0, 0, 0, 0, 0, '2021-03-13 06:00:52', '2021-03-13 06:00:52'),
(351, 'юристы в усть каменогорске\r\n', 0, 0, 0, 0, 0, '2021-03-13 06:00:52', '2021-03-13 06:00:52'),
(352, 'работа атырау вакансии\r\n', 0, 0, 0, 0, 0, '2021-03-13 06:00:52', '2021-03-13 06:00:52'),
(353, 'работа охраной атырау в акжайык\r\n', 0, 0, 0, 0, 0, '2021-03-13 06:00:52', '2021-03-13 06:00:52'),
(354, 'работа свежие вакансии атырау\r\n', 0, 0, 0, 0, 0, '2021-03-13 06:00:52', '2021-03-13 06:00:52'),
(355, 'мягкая мебель усть каменогорск\r\n', 0, 0, 0, 0, 0, '2021-03-13 06:00:52', '2021-03-13 06:00:52'),
(356, 'шкода усть каменогорск\r\n', 0, 0, 0, 0, 0, '2021-03-13 06:00:52', '2021-03-13 06:00:52'),
(357, 'объявление хромтау\r\n', 0, 0, 0, 0, 0, '2021-03-13 06:00:52', '2021-03-13 06:00:52'),
(358, 'объявление ско петропавловск\r\n', 0, 0, 0, 0, 0, '2021-03-13 06:00:52', '2021-03-13 06:00:52'),
(359, 'барахолка усть каменогорск объявления\r\n', 0, 0, 0, 0, 0, '2021-03-13 06:00:52', '2021-03-13 06:00:52'),
(360, 'объявления г щучинск\r\n', 0, 0, 0, 0, 0, '2021-03-13 06:00:52', '2021-03-13 06:00:52'),
(361, 'ковер усть каменогорск\r\n', 0, 0, 0, 0, 0, '2021-03-13 06:00:52', '2021-03-13 06:00:52'),
(362, '1000 объявлений усть каменогорск работа водитель\r\n', 0, 0, 0, 0, 0, '2021-03-13 06:00:52', '2021-03-13 06:00:52'),
(363, 'работа для женщин в усть каменогорске\r\n', 0, 0, 0, 0, 0, '2021-03-13 06:00:52', '2021-03-13 06:00:52'),
(364, 'доска частных объявлений жезкент\r\n', 0, 0, 0, 0, 0, '2021-03-13 06:00:52', '2021-03-13 06:00:52'),
(365, 'поликарбонат в усть каменогорске\r\n', 0, 0, 0, 0, 0, '2021-03-13 06:00:52', '2021-03-13 06:00:52'),
(366, 'частные объявления караганда\r\n', 0, 0, 0, 0, 0, '2021-03-13 06:00:52', '2021-03-13 06:00:52'),
(367, 'палатки в усть каменогорске\r\n', 0, 0, 0, 0, 0, '2021-03-13 06:00:52', '2021-03-13 06:00:52'),
(368, 'работа г петропавловск ско\r\n', 0, 0, 0, 0, 0, '2021-03-13 06:00:52', '2021-03-13 06:00:52'),
(369, 'работа женщинам петропавловск казахстан\r\n', 0, 0, 0, 0, 0, '2021-03-13 06:00:52', '2021-03-13 06:00:52'),
(370, 'работа петропавловск казахстан свежие вакансии для женщин\r\n', 0, 0, 0, 0, 0, '2021-03-13 06:00:52', '2021-03-13 06:00:52'),
(371, 'подать объявление в караганде\r\n', 0, 0, 0, 0, 0, '2021-03-13 06:00:52', '2021-03-13 06:00:52'),
(372, 'работа водителем в петропавловске ско свежие\r\n', 0, 0, 0, 0, 0, '2021-03-13 06:00:52', '2021-03-13 06:00:52'),
(373, 'доска объявлений аулиеколь аманкарагай\r\n', 0, 0, 0, 0, 0, '2021-03-13 06:00:52', '2021-03-13 06:00:52'),
(374, 'акжаик атырау газета объявления\r\n', 0, 0, 0, 0, 0, '2021-03-13 06:00:52', '2021-03-13 06:00:52'),
(375, 'доска объявлений продам аквариум в алматы\r\n', 0, 0, 0, 0, 0, '2021-03-13 06:00:52', '2021-03-13 06:00:52'),
(376, 'объявление недвижимость белоусовка\r\n', 0, 0, 0, 0, 0, '2021-03-13 06:00:52', '2021-03-13 06:00:52'),
(377, 'объявления житикара в контакте\r\n', 0, 0, 0, 0, 0, '2021-03-13 06:00:52', '2021-03-13 06:00:52'),
(378, 'работа в караганде объявления онлайн\r\n', 0, 0, 0, 0, 0, '2021-03-13 06:00:52', '2021-03-13 06:00:52'),
(379, 'бесплатные объявления в семее\r\n', 0, 0, 0, 0, 0, '2021-03-13 06:00:52', '2021-03-13 06:00:52'),
(380, 'массажистки талгар объявления караван\r\n', 0, 0, 0, 0, 0, '2021-03-13 06:00:52', '2021-03-13 06:00:52'),
(381, '1000 объявлений вакансии работодателей усть каменогорск\r\n', 0, 0, 0, 0, 0, '2021-03-13 06:00:52', '2021-03-13 06:00:52'),
(382, 'двери усть каменогорск\r\n', 0, 0, 0, 0, 0, '2021-03-13 06:00:52', '2021-03-13 06:00:52'),
(383, 'золото усть каменогорск\r\n', 0, 0, 0, 0, 0, '2021-03-13 06:00:52', '2021-03-13 06:00:52'),
(384, 'работа в петропавловске на трактор мтз\r\n', 0, 0, 0, 0, 0, '2021-03-13 06:00:52', '2021-03-13 06:00:52'),
(385, 'дчс усть каменогорск официальный сайт\r\n', 0, 0, 0, 0, 0, '2021-03-13 06:00:52', '2021-03-13 06:00:52'),
(386, 'стулья в усть каменогорске\r\n', 0, 0, 0, 0, 0, '2021-03-13 06:00:52', '2021-03-13 06:00:52'),
(387, 'атырау актау работы\r\n', 0, 0, 0, 0, 0, '2021-03-13 06:00:52', '2021-03-13 06:00:52'),
(388, 'усть каменогорск талдыкорган\r\n', 0, 0, 0, 0, 0, '2021-03-13 06:00:52', '2021-03-13 06:00:52'),
(389, 'однокомнатные квартиры в усть каменогорске\r\n', 0, 0, 0, 0, 0, '2021-03-13 06:00:52', '2021-03-13 06:00:52'),
(390, '1 комнатные квартиры в усть каменогорске\r\n', 0, 0, 0, 0, 0, '2021-03-13 06:00:52', '2021-03-13 06:00:52'),
(391, 'апару усть каменогорск сотовый\r\n', 0, 0, 0, 0, 0, '2021-03-13 06:00:52', '2021-03-13 06:00:52'),
(392, 'досуг усть каменогорск\r\n', 0, 0, 0, 0, 0, '2021-03-13 06:00:52', '2021-03-13 06:00:52'),
(393, 'работа петропавловск\r\n', 0, 0, 0, 0, 0, '2021-03-13 06:00:52', '2021-03-13 06:00:52'),
(394, 'работа атырау\r\n', 0, 0, 0, 0, 0, '2021-03-13 06:00:52', '2021-03-13 06:00:52'),
(395, 'работа актобе\r\n', 0, 0, 0, 0, 0, '2021-03-13 06:00:52', '2021-03-13 06:00:52'),
(396, 'работа рудный\r\n', 0, 0, 0, 0, 0, '2021-03-13 06:00:52', '2021-03-13 06:00:52'),
(397, 'работа актау\r\n', 0, 0, 0, 0, 0, '2021-03-13 06:00:52', '2021-03-13 06:00:52'),
(398, 'работа усть каменогорск\r\n', 0, 0, 0, 0, 0, '2021-03-13 06:00:52', '2021-03-13 06:00:52'),
(399, 'работа уральск\r\n', 0, 0, 0, 0, 0, '2021-03-13 06:00:52', '2021-03-13 06:00:52'),
(400, 'работа шымкент\r\n', 0, 0, 0, 0, 0, '2021-03-13 06:00:52', '2021-03-13 06:00:52'),
(401, 'купить мотоцикл\r\n', 0, 0, 0, 0, 0, '2021-03-13 06:00:52', '2021-03-13 06:00:52'),
(402, 'работа тараз\r\n', 0, 0, 0, 0, 0, '2021-03-13 06:00:52', '2021-03-13 06:00:52'),
(403, 'купить дом шымкент\r\n', 0, 0, 0, 0, 0, '2021-03-13 06:00:52', '2021-03-13 06:00:52'),
(404, 'дом рудный\r\n', 0, 0, 0, 0, 0, '2021-03-13 06:00:52', '2021-03-13 06:00:52'),
(405, 'квартира актау\r\n', 0, 0, 0, 0, 0, '2021-03-13 06:00:52', '2021-03-13 06:00:52'),
(406, 'квартира актобе\r\n', 0, 0, 0, 0, 0, '2021-03-13 06:00:52', '2021-03-13 06:00:52'),
(407, 'авто тараз\r\n', 0, 0, 0, 0, 0, '2021-03-13 06:00:52', '2021-03-13 06:00:52'),
(408, 'квартира атырау\r\n', 0, 0, 0, 0, 0, '2021-03-13 06:00:52', '2021-03-13 06:00:52'),
(409, 'атырау дом продажа\r\n', 0, 0, 0, 0, 0, '2021-03-13 06:00:52', '2021-03-13 06:00:52'),
(410, 'квартира костанай\r\n', 0, 0, 0, 0, 0, '2021-03-13 06:00:52', '2021-03-13 06:00:52'),
(411, 'продажа квартира актобе\r\n', 0, 0, 0, 0, 0, '2021-03-13 06:00:52', '2021-03-13 06:00:52'),
(412, 'купить дом караганда\r\n', 0, 0, 0, 0, 0, '2021-03-13 06:00:52', '2021-03-13 06:00:52'),
(413, 'мебель павлодар\r\n', 0, 0, 0, 0, 0, '2021-03-13 06:00:52', '2021-03-13 06:00:52'),
(414, 'мебель актобе\r\n', 0, 0, 0, 0, 0, '2021-03-13 06:00:52', '2021-03-13 06:00:52'),
(415, 'квартира костанай купить\r\n', 0, 0, 0, 0, 0, '2021-03-13 06:00:52', '2021-03-13 06:00:52'),
(416, 'квартира караганда\r\n', 0, 0, 0, 0, 0, '2021-03-13 06:00:52', '2021-03-13 06:00:52'),
(417, 'вакансия актау\r\n', 0, 0, 0, 0, 0, '2021-03-13 06:00:52', '2021-03-13 06:00:52'),
(418, 'дом усть каменогорск\r\n', 0, 0, 0, 0, 0, '2021-03-13 06:00:52', '2021-03-13 06:00:52'),
(419, 'актау квартира продажа\r\n', 0, 0, 0, 0, 0, '2021-03-13 06:00:52', '2021-03-13 06:00:52'),
(420, 'квартира актау аренда\r\n', 0, 0, 0, 0, 0, '2021-03-13 06:00:52', '2021-03-13 06:00:52'),
(421, 'вакансия актобе\r\n', 0, 0, 0, 0, 0, '2021-03-13 06:00:52', '2021-03-13 06:00:52'),
(422, 'продажа авто караганда\r\n', 0, 0, 0, 0, 0, '2021-03-13 06:00:52', '2021-03-13 06:00:52'),
(423, 'недвижимость казахстан\r\n', 0, 0, 0, 0, 0, '2021-03-13 06:00:52', '2021-03-13 06:00:52'),
(424, 'работа аксай\r\n', 0, 0, 0, 0, 0, '2021-03-13 06:00:52', '2021-03-13 06:00:52'),
(425, 'продажа квартира уральск\r\n', 0, 0, 0, 0, 0, '2021-03-13 06:00:52', '2021-03-13 06:00:52'),
(426, 'квартира караганда продажа\r\n', 0, 0, 0, 0, 0, '2021-03-13 06:00:52', '2021-03-13 06:00:52'),
(427, 'купить дом риддер\r\n', 0, 0, 0, 0, 0, '2021-03-13 06:00:52', '2021-03-13 06:00:52'),
(428, 'мебель атырау\r\n', 0, 0, 0, 0, 0, '2021-03-13 06:00:52', '2021-03-13 06:00:52'),
(429, 'вакансия атырау\r\n', 0, 0, 0, 0, 0, '2021-03-13 06:00:52', '2021-03-13 06:00:52'),
(430, 'недвижимость актау\r\n', 0, 0, 0, 0, 0, '2021-03-13 06:00:52', '2021-03-13 06:00:52'),
(431, 'мебель петропавловск\r\n', 0, 0, 0, 0, 0, '2021-03-13 06:00:52', '2021-03-13 06:00:52'),
(432, 'авто актау\r\n', 0, 0, 0, 0, 0, '2021-03-13 06:00:52', '2021-03-13 06:00:52'),
(433, 'квартира аренда караганда\r\n', 0, 0, 0, 0, 0, '2021-03-13 06:00:52', '2021-03-13 06:00:52'),
(434, 'дом караганда продажа\r\n', 0, 0, 0, 0, 0, '2021-03-13 06:00:52', '2021-03-13 06:00:52'),
(435, 'продажа дом костанай\r\n', 0, 0, 0, 0, 0, '2021-03-13 06:00:52', '2021-03-13 06:00:52'),
(436, 'авто караганда\r\n', 0, 0, 0, 0, 0, '2021-03-13 06:00:52', '2021-03-13 06:00:52'),
(437, 'квартира костанай продажа\r\n', 0, 0, 0, 0, 0, '2021-03-13 06:00:52', '2021-03-13 06:00:52'),
(438, 'костанай шина\r\n', 0, 0, 0, 0, 0, '2021-03-13 06:00:52', '2021-03-13 06:00:52'),
(439, 'дом актобе\r\n', 0, 0, 0, 0, 0, '2021-03-13 06:00:52', '2021-03-13 06:00:52'),
(440, 'работа актобе сегодня\r\n', 0, 0, 0, 0, 0, '2021-03-13 06:00:52', '2021-03-13 06:00:52'),
(441, 'дом атырау\r\n', 0, 0, 0, 0, 0, '2021-03-13 06:00:52', '2021-03-13 06:00:52'),
(442, 'вакансия талдыкорган\r\n', 0, 0, 0, 0, 0, '2021-03-13 06:00:52', '2021-03-13 06:00:52'),
(443, 'квартира уральск\r\n', 0, 0, 0, 0, 0, '2021-03-13 06:00:52', '2021-03-13 06:00:52'),
(444, 'вакансия караганда\r\n', 0, 0, 0, 0, 0, '2021-03-13 06:00:52', '2021-03-13 06:00:52'),
(445, 'шымкент знакомство\r\n', 0, 0, 0, 0, 0, '2021-03-13 06:00:52', '2021-03-13 06:00:52'),
(446, 'вакансия уральск\r\n', 0, 0, 0, 0, 0, '2021-03-13 06:00:52', '2021-03-13 06:00:52'),
(447, 'купить авто самара\r\n', 0, 0, 0, 0, 0, '2021-03-13 06:00:52', '2021-03-13 06:00:52'),
(448, 'авто самара\r\n', 0, 0, 0, 0, 0, '2021-03-13 06:00:52', '2021-03-13 06:00:52'),
(449, 'продажа дом уральск\r\n', 0, 0, 0, 0, 0, '2021-03-13 06:00:52', '2021-03-13 06:00:52'),
(450, 'вакансия усть каменогорск\r\n', 0, 0, 0, 0, 0, '2021-03-13 06:00:52', '2021-03-13 06:00:52'),
(451, 'квартира шахтинск\r\n', 0, 0, 0, 0, 0, '2021-03-13 06:00:52', '2021-03-13 06:00:52'),
(452, 'атырау квартира аренда\r\n', 0, 0, 0, 0, 0, '2021-03-13 06:00:52', '2021-03-13 06:00:52'),
(453, 'квартира тараз\r\n', 0, 0, 0, 0, 0, '2021-03-13 06:00:52', '2021-03-13 06:00:52'),
(454, 'недвижимость шымкент', 0, 0, 0, 0, 0, '2021-03-13 06:00:52', '2021-03-13 06:00:52');

-- --------------------------------------------------------

--
-- Структура таблицы `socials`
--

CREATE TABLE `socials` (
  `id` int(10) UNSIGNED NOT NULL,
  `region_id` int(2) UNSIGNED ZEROFILL NOT NULL,
  `place_id` int(3) DEFAULT NULL,
  `insta_login` varchar(16) CHARACTER SET utf8 NOT NULL,
  `insta_pass` varchar(16) CHARACTER SET utf8 NOT NULL,
  `vk_login` varchar(16) CHARACTER SET utf8 NOT NULL,
  `vk_pass` varchar(16) CHARACTER SET utf8 NOT NULL,
  `ok_login` varchar(16) CHARACTER SET utf8 NOT NULL,
  `ok_pass` varchar(16) CHARACTER SET utf8 NOT NULL,
  `hash_tag` varchar(200) CHARACTER SET utf8 NOT NULL
) ENGINE=InnoDB DEFAULT CHARSET=utf8mb4 COLLATE=utf8mb4_unicode_ci;

--
-- Дамп данных таблицы `socials`
--

INSERT INTO `socials` (`id`, `region_id`, `place_id`, `insta_login`, `insta_pass`, `vk_login`, `vk_pass`, `ok_login`, `ok_pass`, `hash_tag`) VALUES
(1, 11, 50, 'test_site68', 'morphosis19', '', '', '', '', '#ilbo_aksu #ilbo #aksu #аксу #городаксу #объявления #куплю #продам #обменяю #сдам #сниму #вещи #авто #одежда #доскаобъявлений #отдам #instagood #instafollow');

-- --------------------------------------------------------

--
-- Структура таблицы `storages`
--

CREATE TABLE `storages` (
  `id` int(2) UNSIGNED NOT NULL,
  `url` varchar(64) CHARACTER SET utf8 NOT NULL
) ENGINE=InnoDB DEFAULT CHARSET=utf8mb4 COLLATE=utf8mb4_unicode_ci;

--
-- Дамп данных таблицы `storages`
--

INSERT INTO `storages` (`id`, `url`) VALUES
(0, '/storage/app/images'),
(1, 'https://ilbo.object.pscloud.io/images');

-- --------------------------------------------------------

--
-- Структура таблицы `subcats`
--

CREATE TABLE `subcats` (
  `id` int(2) UNSIGNED NOT NULL,
  `name` varchar(60) NOT NULL,
  `url` varchar(60) NOT NULL,
  `title` varchar(100) NOT NULL,
  `description` varchar(100) NOT NULL,
  `keywords` varchar(100) NOT NULL,
  `h1` varchar(60) NOT NULL,
  `category_id` int(1) UNSIGNED NOT NULL
) ENGINE=InnoDB DEFAULT CHARSET=utf8;

--
-- Дамп данных таблицы `subcats`
--

INSERT INTO `subcats` (`id`, `name`, `url`, `title`, `description`, `keywords`, `h1`, `category_id`) VALUES
(1, 'Авто', 'legkovoy-avtomobil', 'Купить авто в @place', 'Покупка, продажа и сдача в аренду легкового авто в @place', '', 'Легковой транспорт в @place', 1),
(2, 'Грузовой транспорт', 'gruzovoy-avtomobil', 'Купить грузовое авто в @place', 'Покупка, продажа и сдача в аренду грузового авто в @place', '', 'Грузовой транспорт в @place', 1),
(3, 'Мототехника', 'mototehnika', 'Купить мототехнику в @place', 'Покупка, продажа и сдача в аренду мототехники в @place', '', 'Мототехника в @place', 1),
(4, 'Спецтехника', 'spectehnika', 'Купить спецтехнику в @place', 'Покупка, продажа и сдача в аренду спецтехники в @place', '', 'Спецтехника в @place', 1),
(5, 'Ретро-авто', 'retro-avtomobil', 'Купить ретро авто в @place', 'Покупка, продажа и сдача в аренду ретро авто в @place', '', 'Ретро транспорт в @place', 1),
(7, 'Велосипеды', 'velosiped', 'Купить велосипед в @place', 'Покупка, продажа и сдача в аренду велосипедов в @place', '', 'Вело-транспорт в @place', 1),
(9, 'Квартира', 'kvartira', 'Купить квартиру в @place', 'Покупка, продажа и сдача в аренду квартир в @place', '', 'Квартиры в @place', 2),
(10, 'Комната', 'komnata', 'Снять комнату в @place', 'Покупка, продажа и сдача в аренду комнат в @place', '', 'Комнаты в @place', 2),
(11, 'Дом, дача, коттедж', 'dom-dacha-kottedzh', 'Купить дом, дачу, коттедж в @place', 'Покупка, продажа и сдача в аренду дома, дачи, коттеджа в @place', '', 'Дома, дачи, коттеджи в @place', 2),
(12, 'Земельный участок', 'zemelnyy-uchastok', 'Купить земельный участок в @place', 'Покупка, продажа и сдача в аренду земельных участков в @place', '', 'Земельные участки в @place', 2),
(13, 'Гараж или машиноместо', 'garazh-ili-mashinomesto', 'Купить гараж в @place', 'Покупка, продажа и сдача в аренду гаражей или машиномест в @place', '', 'Гараж или машиноместо в @place', 2),
(14, 'Коммерческая недвижимость', 'kommercheskaya-nedvizhimost', 'Купить недвижимость в @place', 'Покупка, продажа и сдача в аренду коммерческой недвижимости в @place', '', 'Коммерческая недвижимость в @place', 2),
(15, 'Недвижимость за рубежом', 'nedvizhimost-za-rubezhom', 'Купить недвижимость за рубежом в @place', 'Покупка, продажа и сдача в аренду недвижимости за рубежом в @place', '', 'Недвижимость за рубежом', 2),
(16, 'Аудио и видео', 'audio-i-video', 'Купить аудио и видео технику в @place', 'Покупка, продажа и сдача в аренду аудио и видео техники в @place', '', 'Аудио и видео в @place', 3),
(17, 'Игры, приставки и программы', 'igry-pristavki-i-programmy', 'Купить приставку в @place', 'Покупка, продажа и сдача в аренду игр, приставок и программ в @place', '', 'Игры, приставки и программы в @place', 3),
(18, 'Настольные компьютеры', 'nastolnye-kompyutery', 'Купить компьютер в @place', 'Покупка, продажа и сдача в аренду настольных компьютеров в @place', '', 'Настольные компьютеры в @place', 3),
(19, 'Ноутбуки', 'noutbuki', 'Купить ноутбук в @place', 'Покупка, продажа и сдача в аренду ноутбуков в @place', '', 'Ноутбуки в @place', 3),
(20, 'Оргтехника и расходники', 'orgtehnika-i-rashodniki', 'Купить оргтехнику и расходные материалы в @place', 'Покупка, продажа и сдача в аренду оргтехники и расходных материалов в @place', '', 'Оргтехника и расходники в @place', 3),
(21, 'Планшеты и электронные книги', 'planshety-i-elektronnye-knigi', 'Купить планшет в @place', 'Покупка, продажа и сдача в аренду планшетов и электронных книг в @place', '', 'Планшеты и электронные книги в @place', 3),
(22, 'Телефоны и гаджеты', 'telefony-i-gadzhety', 'Купить смартфон в @place', 'Покупка, продажа и сдача в аренду смартфонов, телефонов и различных гаджетов в @place', '', 'Телефоны и гаджеты в @place', 3),
(23, 'Товары для компьютера', 'tovary-dlya-kompyutera', 'Купить товар для компьютера в @place', 'Покупка, продажа и сдача в аренду товаров для компьютеров в @place', '', 'Товары для компьютера в @place', 3),
(24, 'Фототехника', 'fototehnika', 'Купить фототехнику в @place', 'Покупка, продажа и сдача в аренду фототехники в @place', '', 'Фототехника в @place', 3),
(25, 'Вакансии', 'vakansii', 'Найти работу в @place', 'Свежие вакансии в @place', '', 'Вакансии в @place', 4),
(26, 'Резюме', 'rezyume', 'Подать резюме в @place', 'Свежие резюме в @place', '', 'Резюме в @place', 4),
(27, 'Бытовая техника', 'bytovaya-tehnika', 'Купить бытовую технику в @place', 'Покупка, продажа и сдача в аренду бытовой техники в @place', '', 'Бытовая техника в @place', 5),
(28, 'Мебель и интерьер', 'mebel-i-interer', 'Купить мебель в @place', 'Покупка, продажа и сдача в аренду мебели и товаров для интерьера в @place', '', 'Мебель и интерьер в @place', 5),
(29, 'Посуда и товары для кухни', 'posuda-i-tovary-dlya-kuhni', 'Купить посуду в @place', 'Покупка, продажа и сдача в аренду посуды и товаров для кухни в @place', '', 'Посуда и товары для кухни в @place', 5),
(30, 'Продукты питания', 'produkty-pitaniya', 'Купить продукты в @place', 'Покупка, продажа продуктов питания в @place', '', 'Продукты питания в @place', 5),
(31, 'Ремонт и строительство', 'remont-i-stroitelstvo', 'Купить товары для ремонта и строительства в @place', 'Покупка, продажа и сдача в аренду товаров для ремонта и строительства в @place', '', 'Ремонт и строительство в @place', 5),
(32, 'Растения', 'rasteniya', 'Купить растение в @place', 'Покупка, продажа растений в @place', '', 'Растения в @place', 5),
(33, 'Одежда, обувь, аксессуары', 'odezhda-obuv-aksessuary', 'Купить одежду, обувь и аксессуары в @place', 'Покупка, продажа одежды, обуви и аксессуаров в @place', '', 'Одежда, обувь, аксессуары в @place', 6),
(34, 'Детская одежда и обувь', 'detskaya-odezhda-i-obuv', 'Купить детскую одежду и обувь в @place', 'Покупка, продажа детской одежды и обуви в @place', '', 'Детская одежда и обувь в @place', 6),
(35, 'Товары для детей и игрушки', 'tovary-dlya-detey-i-igrushki', 'Купить товары для детей и игрушки в @place', 'Покупка, продажа и сдача в аренду товаров для детей и игрушек в @place', '', 'Товары для детей и игрушки в @place', 6),
(36, 'Часы и украшения', 'chasy-i-ukrasheniya', 'Аренда часов и украшений в @place', 'Покупка, продажа и сдача в аренду часов и украшений в @place', '', 'Часы и украшения в @place', 6),
(37, 'Красота и здоровье', 'krasota-i-zdorove', 'Красота и здоровье в @place', 'Услуги в сфере красота и здоровье в @place', '', 'Красота и здоровье в @place', 6),
(38, 'Собаки', 'sobaki', 'Купить собаку в @place', 'Покупка и продажа cобак в @place', '', 'Собаки в @place', 7),
(39, 'Кошки', 'koshki', 'Купить кошку в @place', 'Покупка и продажа кошек в @place', '', 'Кошки в @place', 7),
(40, 'Птицы', 'pticy', 'Купить птицу в @place', 'Покупка и продажа птиц в @place', '', 'Птицы в @place', 7),
(41, 'Аквариум', 'akvarium', 'Купить аквариум в @place', 'Всё для аквариума в @place', '', 'Аквариум в @place', 7),
(42, 'Другие животные', 'drugie-zhivotnye', 'Купить животное в @place', 'Покупка, продажа различных животных в @place', '', 'Другие животные в @place', 7),
(43, 'Товары для животных', 'tovary-dlya-zhivotnyh', 'Купить товары для животных в @place', 'Покупка, продажа и сдача в аренду товаров для животных в @place', '', 'Товары для животных в @place', 7),
(44, 'Билеты и путешествия', 'bilety-i-puteshestviya', 'Купить билеты в @place', 'Покупка, продажа билетов в @place', '', 'Билеты и путешествия в @place', 8),
(45, 'Велосипеды', 'velosipedy', 'Купить велосипед в @place', 'Покупка, продажа и сдача в аренду велосипедов в @place', '', 'Велосипеды в @place', 8),
(46, 'Книги и журналы', 'knigi-i-zhurnaly', 'Купить книгу в @place', 'Покупка и продажа книг и журналов в @place', '', 'Книги и журналы в @place', 8),
(47, 'Коллекционирование', 'kollekcionirovanie', 'Коллекционирование в @place', 'Всё для коллекционирования в @place', '', 'Коллекционирование в @place', 8),
(48, 'Музыкальные инструменты', 'muzykalnye-instrumenty', 'Купить музыкальные инструменты в @place', 'Покупка, продажа и сдача в аренду музыкальных инструментов в @place', '', 'Музыкальные инструменты в @place', 8),
(49, 'Охота и рыбалка', 'ohota-i-rybalka', 'Купить товары для охоты и рыбалки в @place', 'Покупка, продажа и сдача в аренду товаров для охоты и рыбалки в @place', '', 'Охота и рыбалка в @place', 8),
(50, 'Спорт и отдых', 'sport-i-otdyh', 'Купить товары для спорта и отдыха в @place', 'Покупка, продажа и сдача в аренду товаров для спорта и отдыха в @place', '', 'Спорт и отдых в @place', 8),
(51, 'IT, интернет, телеком', 'it-internet-telekom', 'IT, интернет, телеком в @place', 'IT, интернет, телеком в @place', '', 'IT, интернет, телеком в @place', 9),
(52, 'Бытовые услуги', 'bytovye-uslugi', 'Бытовые услуги в @place', 'Бытовые услуги в @place', '', 'Бытовые услуги в @place', 9),
(53, 'Деловые услуги', 'delovye-uslugi', 'Деловые услуги в @place', 'Деловые услуги в @place', '', 'Деловые услуги в @place', 9),
(54, 'Искусство', 'iskusstvo', 'Искусство в @place', 'Искусство в @place', '', 'Искусство в @place', 9),
(55, 'Красота, здоровье', 'krasota-zdorove', 'Красота и здоровье в @place', 'Предоставление услуг в сфере красоты, здоровья в @place', '', 'Красота, здоровье в @place', 9),
(56, 'Курьерские поручения', 'kurerskie-porucheniya', 'Курьерские услуги в @place', 'Курьерские услуги в @place', '', 'Курьерские поручения в @place', 9),
(57, 'Мастер на час', 'master-na-chas', 'Услуги мастера на час в @place', 'Услуги мастера в @place', '', 'Мастер на час в @place', 9),
(58, 'Няни, сиделки', 'nyani-sidelki', 'Услуги нянь и сиделок в @place', 'Услуги нянь и сиделок в @place', '', 'Няни, сиделки в @place', 9),
(59, 'Оборудование, производство', 'oborudovanie-proizvodstvo', 'Услуги по предоставлению оборудования в @place', 'Услуги по предоставлению оборудования в @place', '', 'Оборудование, производство в @place', 9),
(60, 'Обучение, курсы', 'obuchenie-kursy', 'Обучение, курсы в @place', 'Обучение, курсы в @place', '', 'Обучение, курсы в @place', 9),
(61, 'Охрана, безопасность', 'ohrana-bezopasnost', 'Охрана и безопасность в @place', 'Услуги по предоставлению охраны и безопасности в @place', '', 'Охрана, безопасность в @place', 9),
(62, 'Питание, кейтеринг', 'pitanie-keytering', 'Питание, кейтеринг в @place', 'Питание, кейтеринг в @place', '', 'Питание, кейтеринг в @place', 9),
(63, 'Праздники, мероприятия', 'prazdniki-meropriyatiya', 'Праздники и мероприятия в @place', 'Организация праздников и мероприятий в @place', '', 'Праздники, мероприятия в @place', 9),
(64, 'Реклама, полиграфия', 'reklama-poligrafiya', 'Рекламные услуги и полиграфия в @place', 'Рекламные услуги и полиграфия в @place', '', 'Реклама, полиграфия в @place', 9),
(65, 'Ремонт и обслуживание техники', 'remont-i-obsluzhivanie-tehniki', 'Ремонт и обслуживание техники в @place', 'Услуги по ремонту и обслуживанию техники в @place', '', 'Ремонт и обслуживание техники в @place', 9),
(66, 'Ремонт, строительство', 'remont-stroitelstvo', 'Ремонт и строительство в @place', 'Услуги по ремонту и строительству в @place', '', 'Ремонт, строительство в @place', 9),
(67, 'Сад, благоустройство', 'sad-blagoustroystvo', 'Сад и благоустройство в @place', 'Сад, благоустройство в @place', '', 'Сад, благоустройство в @place', 9),
(68, 'Транспорт, перевозки', 'transport-perevozki', 'Транспорт и перевозки в @place', 'Услуги транспорта и перевозок в @place', '', 'Транспорт, перевозки в @place', 9),
(69, 'Уборка', 'uborka', 'Уборка помещений в @place', 'Услуги уборки помещений в @place', '', 'Уборка в @place', 9),
(70, 'Установка техники', 'ustanovka-tehniki', 'Установка техники в @place', 'Услуги по установке техники в @place', '', 'Установка техники в @place', 9),
(71, 'Уход за животными', 'uhod-za-zhivotnymi', 'Уход за животными в @place', 'Услуги по уходу за животными в @place', '', 'Уход за животными в @place', 9),
(72, 'Фото и видеосъёмка', 'foto-i-videosemka', 'Фото и видеосъёмка в @place', 'Услуги фото и видеосъёмки в @place', '', 'Фото и видеосъёмка в @place', 9),
(73, 'Другое', 'drugoe', 'Другие объявления в @place', 'Различные объявления в @place', '', 'Другое в @place', 9),
(74, 'Запчасти', 'zapchasti', 'Запчасти в @place', 'Запчасти в @place', '', 'Запчасти для транспорта в @place', 1),
(77, 'Прочая электроника', 'prochaya-elektronika', 'Прочая электроника в @place', 'Прочая электроника в @place', '', 'Прочая электроника в @place', 3);

-- --------------------------------------------------------

--
-- Структура таблицы `sub_animals`
--

CREATE TABLE `sub_animals` (
  `id` int(10) UNSIGNED NOT NULL
) ENGINE=InnoDB DEFAULT CHARSET=utf8;

-- --------------------------------------------------------

--
-- Структура таблицы `sub_appliances`
--

CREATE TABLE `sub_appliances` (
  `id` int(10) UNSIGNED NOT NULL
) ENGINE=InnoDB DEFAULT CHARSET=utf8;

-- --------------------------------------------------------

--
-- Структура таблицы `sub_forhome`
--

CREATE TABLE `sub_forhome` (
  `id` int(10) UNSIGNED NOT NULL
) ENGINE=InnoDB DEFAULT CHARSET=utf8;

-- --------------------------------------------------------

--
-- Структура таблицы `sub_hobbiesandleisure`
--

CREATE TABLE `sub_hobbiesandleisure` (
  `id` int(10) UNSIGNED NOT NULL
) ENGINE=InnoDB DEFAULT CHARSET=utf8;

-- --------------------------------------------------------

--
-- Структура таблицы `sub_other`
--

CREATE TABLE `sub_other` (
  `id` int(10) UNSIGNED NOT NULL
) ENGINE=InnoDB DEFAULT CHARSET=utf8;

-- --------------------------------------------------------

--
-- Структура таблицы `sub_personaleffects`
--

CREATE TABLE `sub_personaleffects` (
  `id` int(10) UNSIGNED NOT NULL
) ENGINE=InnoDB DEFAULT CHARSET=utf8;

-- --------------------------------------------------------

--
-- Структура таблицы `sub_realestate`
--

CREATE TABLE `sub_realestate` (
  `id` int(10) UNSIGNED NOT NULL,
  `property_type` int(1) UNSIGNED DEFAULT NULL,
  `floor` int(2) UNSIGNED DEFAULT NULL,
  `floors_house` int(2) UNSIGNED DEFAULT NULL,
  `rooms` int(2) UNSIGNED DEFAULT NULL,
  `area` int(5) UNSIGNED DEFAULT NULL,
  `ownership` int(1) UNSIGNED DEFAULT NULL,
  `kind_of_object` int(1) UNSIGNED DEFAULT NULL,
  `type_of_building` int(1) UNSIGNED DEFAULT NULL
) ENGINE=InnoDB DEFAULT CHARSET=utf8;

-- --------------------------------------------------------

--
-- Структура таблицы `sub_services`
--

CREATE TABLE `sub_services` (
  `id` int(10) UNSIGNED NOT NULL
) ENGINE=InnoDB DEFAULT CHARSET=utf8;

-- --------------------------------------------------------

--
-- Структура таблицы `sub_transport`
--

CREATE TABLE `sub_transport` (
  `id` int(10) UNSIGNED NOT NULL,
  `type` int(1) UNSIGNED NOT NULL,
  `mark` int(5) UNSIGNED DEFAULT NULL,
  `model` int(4) UNSIGNED DEFAULT NULL,
  `year` int(4) UNSIGNED DEFAULT NULL,
  `steering_position` int(1) UNSIGNED DEFAULT NULL,
  `mileage` int(7) UNSIGNED DEFAULT NULL,
  `engine_type` int(1) UNSIGNED DEFAULT NULL,
  `customs` int(1) UNSIGNED DEFAULT NULL
) ENGINE=InnoDB DEFAULT CHARSET=utf8;

--
-- Дамп данных таблицы `sub_transport`
--

INSERT INTO `sub_transport` (`id`, `type`, `mark`, `model`, `year`, `steering_position`, `mileage`, `engine_type`, `customs`) VALUES
(1, 1, 2, 6, 222, 0, 12321, 0, 1);

-- --------------------------------------------------------

--
-- Структура таблицы `sub_workandbuisness`
--

CREATE TABLE `sub_workandbuisness` (
  `id` int(10) UNSIGNED NOT NULL
) ENGINE=InnoDB DEFAULT CHARSET=utf8;

-- --------------------------------------------------------

--
-- Структура таблицы `urls`
--

CREATE TABLE `urls` (
  `id` int(10) UNSIGNED NOT NULL,
  `url` varchar(100) NOT NULL,
  `advert_id` int(10) UNSIGNED NOT NULL
) ENGINE=InnoDB DEFAULT CHARSET=utf8;

--
-- Дамп данных таблицы `urls`
--

INSERT INTO `urls` (`id`, `url`, `advert_id`) VALUES
(1, '1-iphone-11-pro-akkum-95-pamyat-64gb-galaktika-v-nur-sultane', 1),
(2, '2-prodam-smartfon-samsung-galaxy-s10-v-nur-sultane', 2),
(3, '3-prodam-iphone-11-v-nur-sultane', 3),
(4, '4-redmi-not-9pro-128gb-v-nur-sultane', 4),
(5, '5-iphone-se-2020-v-ideale-pamyat-128-v-nur-sultane', 5),
(6, '6-prodam-iphone-7-plus-v-nur-sultane', 6),
(7, '7-smartfon-le-eco-le-pro-al-black-edition-v-nur-sultane', 7),
(8, '8-iphone-12-pro-v-nur-sultane', 8),
(9, '9-redmi-nout-9-pro-v-nur-sultane', 9),
(10, '10-iphone-8-v-nur-sultane', 10),
(11, '11-srochno-prodam-samsung-a71-v-nur-sultane', 11),
(12, '12-prodam-samsung-a50-v-nur-sultane', 12),
(13, '13-iphone-7-v-nur-sultane', 13),
(14, '14-samsung-a6-v-nur-sultane', 14),
(15, '15-samsung-j7-v-nur-sultane', 15),
(16, '16-iphone-12-pro-max-128gb-siniy-cvet-novyy-korobka-ne-otkrylsya-v-nur-sultane', 16),
(17, '17-samsung-j1-4g-smartfon-v-nur-sultane', 17),
(18, '18-obmen-telefon-syaomi-redmi-8a-v-nur-sultane', 18),
(19, '19-telefon-iphone-se-v-nur-sultane', 19),
(20, '20-iphone-11-pro-64-gb-v-ideal-nom-sostoyanii-v-nur-sultane', 20),
(21, '21-samsung-galaxy-s21-ultra-16-512-v-nur-sultane', 21),
(22, '22-iphone-11-pro-64-gb-ideale-v-nur-sultane', 22),
(23, '23-novyy-ayfon-12-v-nur-sultane', 23),
(24, '24-prodam-ayfon-7-v-nur-sultane', 24),
(25, '25-iphone-7-ideal-nom-sostoyanii-128-gb-v-nur-sultane', 25),
(26, '26-obmen-samsung-a20s-v-nur-sultane', 26),
(27, '27-huavei-p20-lite-64gb-v-nur-sultane', 27),
(28, '28-prodam-samsung-s9-v-nur-sultane', 28),
(29, '29-motorola-z2-play-v-nur-sultane', 29),
(30, '30-ayfon-12-pro-maks-256gb-v-nur-sultane', 30),
(31, '31-samsung-s20-fe-128-6-gb-v-nur-sultane', 31),
(32, '32-prodam-telefon-redmi-not-5-v-nur-sultane', 32),
(33, '33-prodam-iphone-11-v-nur-sultane', 33),
(34, '34-samsung-a8-32g-pamyat-v-nur-sultane', 34),
(35, '35-prodam-samsung-galaxy-a21s-v-nur-sultane', 35),
(36, '36-srochno-prodam-s10-lait-v-nur-sultane', 36),
(37, '37-samsung-galaxy-j4-smartphone-smartfon-telefon-v-nur-sultane', 37),
(38, '38-prodam-iphone-se-2020-64-gb-v-nur-sultane', 38),
(39, '39-iphone-6-v-nur-sultane', 39),
(40, '40-telefony-b-u-v-nur-sultane', 40),
(41, '41-telefony-b-u-v-horoshem-kachestve-v-nur-sultane', 41),
(42, '42-prodayutsya-novye-telefony-v-nur-sultane', 42),
(43, '43-samsung-j5-v-nur-sultane', 43),
(44, '44-stirka-kovrov-akciya-500tg-za-metr-kv-v-nur-sultane', 44),
(45, '45-stirka-i-chistka-kovrov-v-nur-sultane', 45),
(46, '46-himchistka-divana-matrasa-v-astane-chistka-myagkoy-mebeli-kovra-uborka-pa-v-nur-sultane', 46),
(47, '47-ischu-nyanyu-na-pol-dnya-100-000-tg-v-nur-sultane', 47),
(48, '48-chistka-korpe-odeyal-pledov-pokryval-namatracnikov-v-nur-sultane', 48),
(49, '49-nuzhna-nyanya-dlya-rebenka-100000-tg-v-nur-sultane', 49),
(50, '50-izgotovlenie-klyuchey-dlya-avto-i-domashnih-manasa-1-v-nur-sultane', 50),
(51, '51-poshiv-v-nur-sultane', 51),
(52, '52-poshiv-odezhdy-na-zakaz-v-nur-sultane', 52),
(53, '53-nyanya-u-sebya-na-domu-rayon-7-poliklinika-v-nur-sultane', 53),
(54, '54-11111111111111111-v-aksu', 54);

-- --------------------------------------------------------

--
-- Структура таблицы `users`
--

CREATE TABLE `users` (
  `id` int(10) UNSIGNED NOT NULL,
  `name` varchar(191) COLLATE utf8mb4_unicode_ci NOT NULL,
  `email` varchar(191) COLLATE utf8mb4_unicode_ci DEFAULT NULL,
  `password` varchar(191) COLLATE utf8mb4_unicode_ci DEFAULT NULL,
  `remember_token` varchar(100) COLLATE utf8mb4_unicode_ci DEFAULT NULL,
  `created_at` timestamp NULL DEFAULT NULL,
  `updated_at` timestamp NULL DEFAULT NULL,
  `vk_id` varchar(12) COLLATE utf8mb4_unicode_ci DEFAULT NULL,
  `ok_id` varchar(12) COLLATE utf8mb4_unicode_ci DEFAULT NULL,
  `last_login_ip` varchar(15) COLLATE utf8mb4_unicode_ci DEFAULT NULL
) ENGINE=InnoDB DEFAULT CHARSET=utf8mb4 COLLATE=utf8mb4_unicode_ci;

--
-- Дамп данных таблицы `users`
--

INSERT INTO `users` (`id`, `name`, `email`, `password`, `remember_token`, `created_at`, `updated_at`, `vk_id`, `ok_id`, `last_login_ip`) VALUES
(1, 'ilya', 'ilya@mail.ru', '$2y$10$9I49lE.uy3xD.Xje4EUp5uaBX6dO5th0rAawwNIsP8NKtb63mlDWm', NULL, '2020-02-12 02:12:06', '2020-06-06 05:01:59', NULL, NULL, '127.0.0.1'),
(2, 'Илья', 'hex@mail.ru', '$2y$10$icyaQKHi7SLaVU/09ay83ux0j5NK6T1X3Ky7nVITlRzGYo.8oF6Ee', NULL, '2020-02-17 05:56:37', '2020-02-17 05:56:37', NULL, NULL, NULL),
(3, 'il84', 'il@mail.ru', '$2y$10$tWR2LYHM7NcYmUlL/.Ch.uiWj/MJZAChERmvhWluD8CGEBS2fnBXy', NULL, '2020-04-09 04:09:03', '2020-04-09 04:09:03', NULL, NULL, NULL),
(34, 'Илья Бобков', 'bobkov-ilya@rambler.ru', NULL, NULL, '2020-05-23 06:07:26', '2020-05-24 07:53:50', '107097159', NULL, '127.0.0.1'),
(35, 'Илья Бобков', NULL, NULL, NULL, '2020-05-23 06:08:04', '2020-05-24 07:59:31', NULL, '557128503671', '127.0.0.1'),
(36, 'Илья', 'ilya@google.ru', '$2y$10$8ZEQKCjECGK9aeOSZm/kbefydX2EloA6FEb9sxTM6QMFrWPyhk2CW', NULL, '2020-05-23 07:14:51', '2020-05-24 07:57:12', NULL, NULL, '127.0.0.1'),
(37, '234', '2555', '$2y$10$T2Flv7W5gIHUSbAEdNaEYOA2YHSgwZxmF5nWMC9DLXIEaiJb6U2dO', NULL, '2020-12-07 11:07:28', '2020-12-07 11:07:28', NULL, NULL, NULL),
(40, '234', '234@yandex.ru', '$2y$10$4BAHku8iw/fkDfHYIzqU9OeX/CMe75mRboPO4fe/E7RmdWtCAXLo2', NULL, '2020-12-07 11:08:14', '2020-12-07 11:08:14', NULL, NULL, NULL),
(41, '333', '333', '$2y$10$yuX1gu3huynfnaasMk42vOwFlG.MhT1fbnoJNQWFeQgmP3nJfcMZ6', NULL, '2020-12-07 11:09:09', '2020-12-07 11:09:09', NULL, NULL, NULL),
(47, '3', '2', '$2y$10$YQsjth0tjHHijivchvXvOu/o65NUH3amisNo/jDdrgctp0kJf2foa', NULL, '2020-12-07 11:21:17', '2020-12-07 11:21:17', NULL, NULL, NULL),
(49, '3', '2333', '$2y$10$lVoFtiovmzfaDELNGRvU5OSJlmVXsH5YIvekJcxjSpgVrl./kDu6m', NULL, '2020-12-07 11:21:49', '2020-12-07 11:21:49', NULL, NULL, NULL),
(55, '4', '4@tt.kz', '$2y$10$cThr6hMPFk9yZ6MTr.mjnuGapbxLqTpPOtj6BKXt/nEMpNMd75UeS', NULL, '2020-12-07 11:35:44', '2020-12-07 11:35:44', NULL, NULL, NULL),
(58, '234234', '345@mail.ru', '$2y$10$DqI74dP/bNOW9MAUU5U1nOSFybtFZJPMhBeKM537mz16REzSh0UDu', NULL, '2020-12-07 11:56:38', '2020-12-07 11:56:38', NULL, NULL, NULL),
(59, '234234', '3454@mail.ru', '$2y$10$2TCdL.70pPkVceaWsF7gzO4ehnMdPxsVoOnl5O.BgrnN0n5m30W7i', NULL, '2020-12-07 11:57:28', '2020-12-07 11:57:28', NULL, NULL, NULL),
(60, '234234', '34546@mail.ru', '$2y$10$n.ByW.3Gz2074ZuP6osZGeQ7ldpFgIQCDrAYpM52Vy7Dw0I1EzPWq', NULL, '2020-12-07 12:00:29', '2020-12-07 12:00:29', NULL, NULL, NULL),
(61, '55555', '666666@mail.ru', '$2y$10$umQn2SCPagZLp8Q5nUeWOeVds96QaaOkQnFdzWPKPk7KnPJ6btbHu', NULL, '2020-12-07 12:01:01', '2020-12-07 12:01:01', NULL, NULL, NULL),
(62, '234@yandex.ru', '234234@ww.kz', '$2y$10$64y9FOy3khD44wI75lm8f.lnQ0XoiYLXGCtkCEfrtza..pxHkq8vW', NULL, '2020-12-07 12:05:07', '2020-12-07 12:05:07', NULL, NULL, NULL),
(63, '345', '5555@jjj.kz', '$2y$10$vQI2FmlLcO/waQtYkS8EN.GsBkx8yWYqf0R8oqJVFGQ6vzgDEkGdy', NULL, '2020-12-07 12:08:50', '2020-12-07 12:08:50', NULL, NULL, NULL),
(64, '345', '55557@jjj.kz', '$2y$10$qPJpDCVkCVXP1L7FFL4l.uWhGDHLop1pylNzqrHBAqsiVQtZMcofS', NULL, '2020-12-07 12:10:07', '2020-12-07 12:10:07', NULL, NULL, NULL),
(65, '345', '5555733@jjj.kz', '$2y$10$mbyCtsCCJZ0y3YGnkoyPAecBvywXFQYLoKK2XjG93FRnWPA9cNBsm', NULL, '2020-12-07 12:12:24', '2020-12-07 12:12:24', NULL, NULL, '127.0.0.1'),
(66, '345', '555573333@jjj.kz', '$2y$10$hqfiRrPFK6ggAKJI2plb/OuncFv2XEzNh1niXVhQknzZfMGtB9Rna', NULL, '2020-12-07 12:14:41', '2020-12-07 12:14:41', NULL, NULL, '127.0.0.1'),
(67, '345', '5555733335@jjj.kz', '$2y$10$6WIxyPNPnxNCAB8L5sJz4emNmkK6IATSPpKCj7oYKxVpKd0k/aFAi', NULL, '2020-12-07 12:15:36', '2020-12-07 12:15:36', NULL, NULL, '127.0.0.1'),
(68, '345', '55557333352@jjj.kz', '$2y$10$h8yGWduYlfEj/jB8BFA79O0Zu9YjFH.gojkyDXmkOWdUevZUEKOY.', NULL, '2020-12-07 12:16:05', '2020-12-07 12:16:05', NULL, NULL, '127.0.0.1'),
(69, '345', '555573333522@jjj.kz', '$2y$10$BeQ.SsOMMaLaZ8BPZ8WkpuPTcaT2uQ/zRcZl8ZML5.ZKtXW191oR6', NULL, '2020-12-07 12:16:24', '2020-12-07 12:16:24', NULL, NULL, '127.0.0.1'),
(70, '5555', '55555@yandex.rr', '$2y$10$QxPs9mhRiLPyiUnnLoqpHOjmHEuhl/ZgTB0OBzq4Cx5LPztq7xUZC', NULL, '2020-12-07 12:17:15', '2020-12-07 12:17:15', NULL, NULL, '127.0.0.1'),
(71, '6666', '666@yandex.ru', '$2y$10$vsunHWzwENq6PZ4QuTTJFeRV/ieBaOFF7aG4yaJezBlU.macqwqVG', NULL, '2020-12-07 12:20:59', '2020-12-07 12:20:59', NULL, NULL, '127.0.0.1'),
(72, '77777', '7777777@eee.ru', '$2y$10$MEFV2qjiZ1aOvK79075CJO1U7i9FuhZBCu.x1clvg/FDcgk/6J5k.', NULL, '2020-12-07 12:32:12', '2020-12-07 12:32:12', NULL, NULL, '127.0.0.1'),
(73, 'imya', 'email@mail.ru', '$2y$10$0cx9v0bcWYiX2srh2/lLJupcXpCDnBv.A0GJ6oc8vEYgiioBt9lce', NULL, '2021-09-18 13:59:11', '2021-09-18 13:59:11', NULL, NULL, NULL);

--
-- Индексы сохранённых таблиц
--

--
-- Индексы таблицы `adex_color`
--
ALTER TABLE `adex_color`
  ADD PRIMARY KEY (`id`);

--
-- Индексы таблицы `adex_srochno`
--
ALTER TABLE `adex_srochno`
  ADD PRIMARY KEY (`id`);

--
-- Индексы таблицы `adex_top`
--
ALTER TABLE `adex_top`
  ADD PRIMARY KEY (`id`);

--
-- Индексы таблицы `admins`
--
ALTER TABLE `admins`
  ADD PRIMARY KEY (`id`);

--
-- Индексы таблицы `adverts`
--
ALTER TABLE `adverts`
  ADD PRIMARY KEY (`id`),
  ADD KEY `price` (`price`),
  ADD KEY `region_id` (`region_id`),
  ADD KEY `city_id` (`city_id`),
  ADD KEY `user_id` (`user_id`),
  ADD KEY `optype` (`optype`),
  ADD KEY `olx_id` (`olx_id`);
ALTER TABLE `adverts` ADD FULLTEXT KEY `title` (`title`);
ALTER TABLE `adverts` ADD FULLTEXT KEY `text` (`text`);

--
-- Индексы таблицы `articles`
--
ALTER TABLE `articles`
  ADD PRIMARY KEY (`id`);
ALTER TABLE `articles` ADD FULLTEXT KEY `text` (`text`);

--
-- Индексы таблицы `cache`
--
ALTER TABLE `cache`
  ADD UNIQUE KEY `cache_key_unique` (`key`);

--
-- Индексы таблицы `canceled`
--
ALTER TABLE `canceled`
  ADD PRIMARY KEY (`id`),
  ADD KEY `canceled_advert_id_index` (`advert_id`);

--
-- Индексы таблицы `car_mark`
--
ALTER TABLE `car_mark`
  ADD PRIMARY KEY (`id`);

--
-- Индексы таблицы `car_model`
--
ALTER TABLE `car_model`
  ADD PRIMARY KEY (`id`),
  ADD KEY `mark_id` (`mark_id`);

--
-- Индексы таблицы `categories`
--
ALTER TABLE `categories`
  ADD PRIMARY KEY (`id`),
  ADD KEY `name` (`name`);

--
-- Индексы таблицы `complaints`
--
ALTER TABLE `complaints`
  ADD PRIMARY KEY (`id`);

--
-- Индексы таблицы `dealtype`
--
ALTER TABLE `dealtype`
  ADD PRIMARY KEY (`id`);

--
-- Индексы таблицы `failed_jobs`
--
ALTER TABLE `failed_jobs`
  ADD PRIMARY KEY (`id`);

--
-- Индексы таблицы `images`
--
ALTER TABLE `images`
  ADD PRIMARY KEY (`id`),
  ADD KEY `originalName` (`originalName`),
  ADD KEY `uid` (`uid`),
  ADD KEY `name` (`name`,`storage_id`);

--
-- Индексы таблицы `jobs`
--
ALTER TABLE `jobs`
  ADD PRIMARY KEY (`id`),
  ADD KEY `jobs_queue_index` (`queue`);

--
-- Индексы таблицы `kz_city`
--
ALTER TABLE `kz_city`
  ADD PRIMARY KEY (`city_id`),
  ADD KEY `region_id` (`region_id`),
  ADD KEY `url` (`url`);
ALTER TABLE `kz_city` ADD FULLTEXT KEY `name` (`name`);

--
-- Индексы таблицы `kz_region`
--
ALTER TABLE `kz_region`
  ADD PRIMARY KEY (`region_id`),
  ADD KEY `url` (`url`);

--
-- Индексы таблицы `meta`
--
ALTER TABLE `meta`
  ADD PRIMARY KEY (`id`);

--
-- Индексы таблицы `migrations`
--
ALTER TABLE `migrations`
  ADD PRIMARY KEY (`id`);

--
-- Индексы таблицы `moderators`
--
ALTER TABLE `moderators`
  ADD PRIMARY KEY (`id`);

--
-- Индексы таблицы `password_resets`
--
ALTER TABLE `password_resets`
  ADD KEY `password_resets_email_index` (`email`);

--
-- Индексы таблицы `sessions`
--
ALTER TABLE `sessions`
  ADD UNIQUE KEY `sessions_id_unique` (`id`);

--
-- Индексы таблицы `se_userqueries`
--
ALTER TABLE `se_userqueries`
  ADD PRIMARY KEY (`id`);

--
-- Индексы таблицы `socials`
--
ALTER TABLE `socials`
  ADD PRIMARY KEY (`id`),
  ADD KEY `place_id` (`place_id`),
  ADD KEY `region_id` (`region_id`);

--
-- Индексы таблицы `storages`
--
ALTER TABLE `storages`
  ADD PRIMARY KEY (`id`);

--
-- Индексы таблицы `subcats`
--
ALTER TABLE `subcats`
  ADD PRIMARY KEY (`id`),
  ADD KEY `url_ru` (`url`);

--
-- Индексы таблицы `sub_animals`
--
ALTER TABLE `sub_animals`
  ADD PRIMARY KEY (`id`);

--
-- Индексы таблицы `sub_appliances`
--
ALTER TABLE `sub_appliances`
  ADD PRIMARY KEY (`id`);

--
-- Индексы таблицы `sub_forhome`
--
ALTER TABLE `sub_forhome`
  ADD PRIMARY KEY (`id`);

--
-- Индексы таблицы `sub_hobbiesandleisure`
--
ALTER TABLE `sub_hobbiesandleisure`
  ADD PRIMARY KEY (`id`);

--
-- Индексы таблицы `sub_other`
--
ALTER TABLE `sub_other`
  ADD PRIMARY KEY (`id`);

--
-- Индексы таблицы `sub_personaleffects`
--
ALTER TABLE `sub_personaleffects`
  ADD PRIMARY KEY (`id`);

--
-- Индексы таблицы `sub_realestate`
--
ALTER TABLE `sub_realestate`
  ADD PRIMARY KEY (`id`);

--
-- Индексы таблицы `sub_services`
--
ALTER TABLE `sub_services`
  ADD PRIMARY KEY (`id`);

--
-- Индексы таблицы `sub_transport`
--
ALTER TABLE `sub_transport`
  ADD PRIMARY KEY (`id`);

--
-- Индексы таблицы `sub_workandbuisness`
--
ALTER TABLE `sub_workandbuisness`
  ADD PRIMARY KEY (`id`);

--
-- Индексы таблицы `urls`
--
ALTER TABLE `urls`
  ADD PRIMARY KEY (`id`);
ALTER TABLE `urls` ADD FULLTEXT KEY `url` (`url`);

--
-- Индексы таблицы `users`
--
ALTER TABLE `users`
  ADD PRIMARY KEY (`id`),
  ADD UNIQUE KEY `users_email_unique` (`email`);

--
-- AUTO_INCREMENT для сохранённых таблиц
--

--
-- AUTO_INCREMENT для таблицы `adex_color`
--
ALTER TABLE `adex_color`
  MODIFY `id` int(10) UNSIGNED NOT NULL AUTO_INCREMENT;

--
-- AUTO_INCREMENT для таблицы `adex_srochno`
--
ALTER TABLE `adex_srochno`
  MODIFY `id` int(10) UNSIGNED NOT NULL AUTO_INCREMENT;

--
-- AUTO_INCREMENT для таблицы `adex_top`
--
ALTER TABLE `adex_top`
  MODIFY `id` int(10) UNSIGNED NOT NULL AUTO_INCREMENT;

--
-- AUTO_INCREMENT для таблицы `admins`
--
ALTER TABLE `admins`
  MODIFY `id` int(2) UNSIGNED NOT NULL AUTO_INCREMENT;

--
-- AUTO_INCREMENT для таблицы `adverts`
--
ALTER TABLE `adverts`
  MODIFY `id` int(10) UNSIGNED NOT NULL AUTO_INCREMENT, AUTO_INCREMENT=55;

--
-- AUTO_INCREMENT для таблицы `canceled`
--
ALTER TABLE `canceled`
  MODIFY `id` int(10) UNSIGNED NOT NULL AUTO_INCREMENT;

--
-- AUTO_INCREMENT для таблицы `car_mark`
--
ALTER TABLE `car_mark`
  MODIFY `id` int(2) UNSIGNED NOT NULL AUTO_INCREMENT, AUTO_INCREMENT=57;

--
-- AUTO_INCREMENT для таблицы `car_model`
--
ALTER TABLE `car_model`
  MODIFY `id` int(5) UNSIGNED NOT NULL AUTO_INCREMENT, AUTO_INCREMENT=1517;

--
-- AUTO_INCREMENT для таблицы `complaints`
--
ALTER TABLE `complaints`
  MODIFY `id` int(10) UNSIGNED NOT NULL AUTO_INCREMENT;

--
-- AUTO_INCREMENT для таблицы `dealtype`
--
ALTER TABLE `dealtype`
  MODIFY `id` int(2) UNSIGNED NOT NULL AUTO_INCREMENT, AUTO_INCREMENT=7;

--
-- AUTO_INCREMENT для таблицы `failed_jobs`
--
ALTER TABLE `failed_jobs`
  MODIFY `id` int(10) UNSIGNED NOT NULL AUTO_INCREMENT;

--
-- AUTO_INCREMENT для таблицы `images`
--
ALTER TABLE `images`
  MODIFY `id` int(10) UNSIGNED NOT NULL AUTO_INCREMENT, AUTO_INCREMENT=50;

--
-- AUTO_INCREMENT для таблицы `jobs`
--
ALTER TABLE `jobs`
  MODIFY `id` bigint(20) UNSIGNED NOT NULL AUTO_INCREMENT, AUTO_INCREMENT=17;

--
-- AUTO_INCREMENT для таблицы `kz_city`
--
ALTER TABLE `kz_city`
  MODIFY `city_id` int(3) UNSIGNED NOT NULL AUTO_INCREMENT, AUTO_INCREMENT=579;

--
-- AUTO_INCREMENT для таблицы `kz_region`
--
ALTER TABLE `kz_region`
  MODIFY `region_id` int(2) UNSIGNED NOT NULL AUTO_INCREMENT, AUTO_INCREMENT=15;

--
-- AUTO_INCREMENT для таблицы `meta`
--
ALTER TABLE `meta`
  MODIFY `id` int(10) UNSIGNED NOT NULL AUTO_INCREMENT;

--
-- AUTO_INCREMENT для таблицы `migrations`
--
ALTER TABLE `migrations`
  MODIFY `id` int(10) UNSIGNED NOT NULL AUTO_INCREMENT, AUTO_INCREMENT=63;

--
-- AUTO_INCREMENT для таблицы `moderators`
--
ALTER TABLE `moderators`
  MODIFY `id` int(3) UNSIGNED NOT NULL AUTO_INCREMENT;

--
-- AUTO_INCREMENT для таблицы `se_userqueries`
--
ALTER TABLE `se_userqueries`
  MODIFY `id` int(10) UNSIGNED NOT NULL AUTO_INCREMENT, AUTO_INCREMENT=455;

--
-- AUTO_INCREMENT для таблицы `socials`
--
ALTER TABLE `socials`
  MODIFY `id` int(10) UNSIGNED NOT NULL AUTO_INCREMENT, AUTO_INCREMENT=3;

--
-- AUTO_INCREMENT для таблицы `subcats`
--
ALTER TABLE `subcats`
  MODIFY `id` int(2) UNSIGNED NOT NULL AUTO_INCREMENT, AUTO_INCREMENT=79;

--
-- AUTO_INCREMENT для таблицы `sub_animals`
--
ALTER TABLE `sub_animals`
  MODIFY `id` int(10) UNSIGNED NOT NULL AUTO_INCREMENT;

--
-- AUTO_INCREMENT для таблицы `sub_appliances`
--
ALTER TABLE `sub_appliances`
  MODIFY `id` int(10) UNSIGNED NOT NULL AUTO_INCREMENT;

--
-- AUTO_INCREMENT для таблицы `sub_forhome`
--
ALTER TABLE `sub_forhome`
  MODIFY `id` int(10) UNSIGNED NOT NULL AUTO_INCREMENT;

--
-- AUTO_INCREMENT для таблицы `sub_hobbiesandleisure`
--
ALTER TABLE `sub_hobbiesandleisure`
  MODIFY `id` int(10) UNSIGNED NOT NULL AUTO_INCREMENT;

--
-- AUTO_INCREMENT для таблицы `sub_other`
--
ALTER TABLE `sub_other`
  MODIFY `id` int(10) UNSIGNED NOT NULL AUTO_INCREMENT;

--
-- AUTO_INCREMENT для таблицы `sub_personaleffects`
--
ALTER TABLE `sub_personaleffects`
  MODIFY `id` int(10) UNSIGNED NOT NULL AUTO_INCREMENT;

--
-- AUTO_INCREMENT для таблицы `sub_realestate`
--
ALTER TABLE `sub_realestate`
  MODIFY `id` int(10) UNSIGNED NOT NULL AUTO_INCREMENT;

--
-- AUTO_INCREMENT для таблицы `sub_services`
--
ALTER TABLE `sub_services`
  MODIFY `id` int(10) UNSIGNED NOT NULL AUTO_INCREMENT;

--
-- AUTO_INCREMENT для таблицы `sub_transport`
--
ALTER TABLE `sub_transport`
  MODIFY `id` int(10) UNSIGNED NOT NULL AUTO_INCREMENT, AUTO_INCREMENT=2;

--
-- AUTO_INCREMENT для таблицы `sub_workandbuisness`
--
ALTER TABLE `sub_workandbuisness`
  MODIFY `id` int(10) UNSIGNED NOT NULL AUTO_INCREMENT;

--
-- AUTO_INCREMENT для таблицы `urls`
--
ALTER TABLE `urls`
  MODIFY `id` int(10) UNSIGNED NOT NULL AUTO_INCREMENT, AUTO_INCREMENT=55;

--
-- AUTO_INCREMENT для таблицы `users`
--
ALTER TABLE `users`
  MODIFY `id` int(10) UNSIGNED NOT NULL AUTO_INCREMENT, AUTO_INCREMENT=74;
COMMIT;

/*!40101 SET CHARACTER_SET_CLIENT=@OLD_CHARACTER_SET_CLIENT */;
/*!40101 SET CHARACTER_SET_RESULTS=@OLD_CHARACTER_SET_RESULTS */;
/*!40101 SET COLLATION_CONNECTION=@OLD_COLLATION_CONNECTION */;
